id,title,episodes,year,original_channel,im_db,start_year,end_year,new_title
1,2 Stupid Dogs,26,1993-1995,TBS,7.2,1993,1995,2 Stupid Dogs
2,3-2-1 Penguins!,27,2000-2008,Direct to video,6.5,2000,2008,3-2-1 Penguins!
3,3-South,13,2002-2003,MTV,8,2002,2003,3-South
4,3Below: Tales of Arcadia,28,2018-2019,Netflix,7.6,2018,2019,3Below: Tales of Arcadia
5,3rd & Bird,51,2008-2010,Playhouse Disney,7.8,2008,2010,3rd & Bird
6,The 7D,44,2014-2016,Disney XD,5.7,2014,2016,The 7D
7,12 oz. Mouse,31,2005-2020,Adult Swim,6.5,2005,2020,12 oz. Mouse
8,The 13 Ghosts of Scooby-Doo,13,1985,ABC,7.3,1985,NA,The 13 Ghosts of Scooby-Doo
9,101 Dalmatians: The Series,65,1997-1998,ABCSyndication,6.1,1997,1998,101 Dalmatians: The Series
10,Aaahh!!! Real Monsters,52,1994-1997,Nickelodeon,7.2,1994,1997,Aaahh!!! Real Monsters
11,Abby's Flying Fairy School,26,2009-2012,PBS Kids,4.9,2009,2012,Abby's Flying Fairy School
12,ABC Galaxy,26,2015,BabyFirst,4.2,2015,NA,ABC Galaxy
13,The ABC Saturday Superstar Movie,20,1972-1973,ABC,7.8,1972,1973,The ABC Saturday Superstar Movie
14,The Abbott and Costello Cartoon Show,39,1967-1968,Syndication,7,1967,1968,The Abbott and Costello Cartoon Show
15,Abominable and the Invisible City,20,2022-2023,HuluPeacock,6.4,2022,2023,Abominable and the Invisible City
16,Action League Now!,12,2001-2002,Nickelodeon,8,2001,2002,Action League Now!
17,Action Man (1995),26,1995-1996,Syndication,5.8,1995,1996,Action Man
18,"Ada Twist, Scientist",41,2021-present,Netflix,6.5,2021,NA,"Ada Twist, Scientist"
19,The Addams Family (1973),16,1973,NBC,6.6,1973,NA,The Addams Family
20,The Addams Family (1992),21,1992-1993,ABC,7,1992,1993,The Addams Family
21,ADHD Shorts,6,2013-2015,Fox,4.2,2013,2015,ADHD Shorts
22,Adventure Time,283,2010-2018,Cartoon Network,8.6,2010,2018,Adventure Time
23,Adventure Time: Distant Lands,4,2020-2021,HBO Max,8.7,2020,2021,Adventure Time: Distant Lands
24,Adventure Time: Fionna and Cake,2,2023-present,Max,8.9,2023,NA,Adventure Time: Fionna and Cake
25,Adventures from the Book of Virtues,39,1996-2000,PBSPBS Kids,7,1996,2000,Adventures from the Book of Virtues
26,The Adventures of Batman,17,1968-1969,CBS,7.3,1968,1969,The Adventures of Batman
27,The Adventures of Chico and Guapo,5,2006,MTV2,5.9,2006,NA,The Adventures of Chico and Guapo
28,The Adventures of Edward the Less,13,2001,Sci-Fi Channel,6.4,2001,NA,The Adventures of Edward the Less
29,The Adventures of Gulliver,17,1968-1969,ABC,7,1968,1969,The Adventures of Gulliver
30,The Adventures of Hyperman,13,1995-1996,CBS,7,1995,1996,The Adventures of Hyperman
31,The Adventures of Jimmy Neutron: Boy Genius,61,2002-2006,Nickelodeon,6.7,2002,2006,The Adventures of Jimmy Neutron: Boy Genius
32,The Adventures of Kid Danger,13,2018,Nickelodeon,2.6,2018,NA,The Adventures of Kid Danger
33,Adventures in Nutrition with Captain Carlos,20,2004-2005,Playhouse Disney,5.2,2004,2005,Adventures in Nutrition with Captain Carlos
34,The Adventures of OG Sherlock Kush,20,2015-2016,FXX,7.5,2015,2016,The Adventures of OG Sherlock Kush
35,The Adventures of Paddy the Pelican,6,1950,ABC,1.6,1950,NA,The Adventures of Paddy the Pelican
36,Adventures of Pow Wow,45,1956-1957,Syndication,4.7,1956,1957,Adventures of Pow Wow
37,The Adventures of Puss in Boots,78,2015-2018,Netflix,6.5,2015,2018,The Adventures of Puss in Boots
38,The Adventures of Raggedy Ann and Andy,13,1988,CBS,7.2,1988,NA,The Adventures of Raggedy Ann and Andy
39,The Adventures of Rocky and Bullwinkle,26,2018-2019,Amazon Prime Video,4.3,2018,2019,The Adventures of Rocky and Bullwinkle
40,The Adventures of Rocky and Bullwinkle and Friends,163,1959-1964,ABCNBC,7.8,1959,1964,The Adventures of Rocky and Bullwinkle and Friends
41,Adventures of Sonic the Hedgehog,65,1992-1996,Syndication,6.3,1992,1996,Adventures of Sonic the Hedgehog
42,The Adventures of Spunky and Tadpole,150,1958-1961,Syndication,6.2,1958,1961,The Adventures of Spunky and Tadpole
43,The Adventures of Superboy,34,1966-1968,CBS,6,1966,1968,The Adventures of Superboy
44,Adventures of the Gummi Bears,65,1985-1991,NBC,7.5,1985,1991,Adventures of the Gummi Bears
45,AEon Flux,16,1991-1995,MTV,5.4,1991,1995,AEon Flux
46,Agent Elvis,10,2023,Netflix,6.8,2023,NA,Agent Elvis
47,Alabama Jackson,7,2022,YouTube,8.4,2022,NA,Alabama Jackson
48,Aladdin,86,1994-1995,CBS,5.8,1994,1995,Aladdin
49,ALF Tales,21,1988-1989,NBC,6.2,1988,1989,ALF Tales
50,ALF: The Animated Series,26,1987-1989,NBC,6,1987,1989,ALF: The Animated Series
51,Alice's Wonderland Bakery,34,2022-present,Disney Junior,6.3,2022,NA,Alice's Wonderland Bakery
52,Alien: Isolation - The Digital Series,7,2019,IGN,6.2,2019,NA,Alien: Isolation - The Digital Series
53,Alien News Desk,12,2019,Syfy,6.5,2019,NA,Alien News Desk
54,All Dogs Go to Heaven: The Series,40,1996-1998,Fox Family Channel,6.5,1996,1998,All Dogs Go to Heaven: The Series
55,All Grown Up!,55,2003-2008,Nickelodeon,5.5,2003,2008,All Grown Up!
56,All Hail King Julien,78,2014-2017,Netflix,7.1,2014,2017,All Hail King Julien
57,The All New Popeye Hour,336,1978-1983,CBS,7,1978,1983,The All New Popeye Hour
58,The All-New Dennis the Menace,13,1993,CBS,6.6,1993,NA,The All-New Dennis the Menace
59,The All-New Super Friends Hour,15,1977-1978,ANC,7.2,1977,1978,The All-New Super Friends Hour
60,Allen Gregory,7,2011,Fox,4.2,2011,NA,Allen Gregory
61,Alvin and the Chipmunks (1983),102,1983-1990,NBC,6.6,1983,1990,Alvin and the Chipmunks
62,The Alvin Show,26,1961-1962,Syndication,7.2,1961,1962,The Alvin Show
63,The Amazing Chan and the Chan Clan,16,1972,CBS,6.2,1972,NA,The Amazing Chan and the Chan Clan
64,American Dad!,352,2005-present,Fox (2005-2014)TBS (2014-present),7.4,2005,NA,American Dad!
65,American Dragon: Jake Long,52,2005-2007,Disney Channel,6.6,2005,2007,American Dragon: Jake Long
66,American Heroes & Legends,9,1992-1993,Showtime,4.2,1992,1993,American Heroes & Legends
67,Amphibia,58,2019-2022,Disney Channel,8.3,2019,2022,Amphibia
68,The Angry Beavers,62,1997-2001,Nickelodeon,7.2,1997,2001,The Angry Beavers
69,Animals,30,2016-2018,HBO,7.3,2016,2018,Animals
70,Animaniacs (1993),99,1993-1998,Fox Kids (1993-1995)Kids' WB (1995-1998),7.9,1993,1998,Animaniacs
71,Animaniacs (2020),36,2020-2023,Hulu,7.7,2020,2023,Animaniacs
72,Ant-Man,6,2017,Disney XD,6.4,2017,NA,Ant-Man
73,Apollo Gauntlet,6,2017,Adult Swim,6.6,2017,NA,Apollo Gauntlet
74,Apple & Onion,76,2018-2021,Cartoon Network,6.3,2018,2021,Apple & Onion
75,Aqua Teen Hunger Force,139,2000-present,Adult Swim,7.7,2000,NA,Aqua Teen Hunger Force
76,Aquadonk Side Pieces,10,2022,YouTube,8.1,2022,NA,Aquadonk Side Pieces
77,Aquaman,36,1967-1970,CBS,6.6,1967,1970,Aquaman
78,Aquaman: King of Atlantis,3,2021,HBO Max,6.2,2021,NA,Aquaman: King of Atlantis
79,Arabian Knights,18,1968-1969,NBC,7.1,1968,1969,Arabian Knights
80,Archer,145,2009-2023,FX (2009-2016)FXX (2017-2023),8.6,2009,2023,Archer
81,Archibald's Next Big Thing,50,2019-2021,NetflixPeacock,7.6,2019,2021,Archibald's Next Big Thing
82,The Archie Show,17,1968-1969,CBS,6.9,1968,1969,The Archie Show
83,Archie's TV Funnies,16,1971-1973,CBS,7.7,1971,1973,Archie's TV Funnies
84,Ask the StoryBots,22,2016-2019,Netflix,8.5,2016,2019,Ask the StoryBots
85,Assy McGee,20,2006-2008,Adult Swim,5.8,2006,2008,Assy McGee
86,Astroblast!,52,2014-2015,Sprout,6.7,2014,2015,Astroblast!
87,The Astronut Show,19,1965-1967,Syndication,7.9,1965,1967,The Astronut Show
88,Attack of the Killer Tomatoes,21,1990-1991,Fox Children's Network,4.6,1990,1991,Attack of the Killer Tomatoes
89,Atom Ant,26,1965-1968,NBC,6.4,1965,1968,Atom Ant
90,The Atom Ant/Secret Squirrel Show,26,1965-1967,NBC,6.9,1965,1967,The Atom Ant/Secret Squirrel Show
91,Augie Doggie and Doggie Daddy,45,1959-1962,Syndication,6.3,1959,1962,Augie Doggie and Doggie Daddy
92,Auto-B-Good,63,2005-2006,Syndication,7.9,2005,2006,Auto-B-Good
93,Avatar: The Last Airbender,61,2005-2008,Nickelodeon,9.3,2005,2008,Avatar: The Last Airbender
94,Avengers Assemble,127,2013-2019,Disney XD,7,2013,2019,Avengers Assemble
95,The Avengers: Earth's Mightiest Heroes,52,2010-2011,Disney XD,8.3,2010,2011,The Avengers: Earth's Mightiest Heroes
96,The Awesomes,30,2013-2015,Hulu,7.3,2013,2015,The Awesomes
97,Axe Cop,22,2013-2015,FoxFXX,7.3,2013,2015,Axe Cop
98,Ace Ventura: Pet Detective,41,1995-2000,CBSNickelodeon,6.9,1995,2000,Ace Ventura: Pet Detective
99,Action Man (2000),26,2000-2001,Fox Kids,6.4,2000,2001,Action Man
100,Action Pack,17,2022,Netflix,6.2,2022,NA,Action Pack
101,Adventure Beast,12,2021,Netflix,5.4,2021,NA,Adventure Beast
102,The Adventures of Chuck and Friends,39,2010-2012,The Hub,5.4,2010,2012,The Adventures of Chuck and Friends
103,The Adventures of Don Coyote and Sancho Panda,26,1990-1991,Syndication,7.2,1990,1991,The Adventures of Don Coyote and Sancho Panda
104,The Adventures of Napkin Man!,60,2013-2017,CBC Kids,7.9,2013,2017,The Adventures of Napkin Man!
105,The Adventures of Sam & Max: Freelance Police,13,1997-1998,Fox Kids,7.7,1997,1998,The Adventures of Sam & Max: Freelance Police
106,The Adventures of Super Mario Bros. 3,13,1990,NBC,7,1990,NA,The Adventures of Super Mario Bros. 3
107,Alien Racers,26,2005-2006,Fox,6.9,2005,2006,Alien Racers
108,Alienators: Evolution Continues,26,2001-2002,Fox Kids,5.4,2001,2002,Alienators: Evolution Continues
109,Alma's Way,40,2021-present,PBS Kids,8.1,2021,NA,Alma's Way
110,Alvin and the Chipmunks (2015),130,2015-2023,Nickelodeon,4.5,2015,2023,Alvin and the Chipmunks
111,The Amazing Colossal Adventures of WordGirl,26,2006-2007,PBS Kids Go!,7.1,2006,2007,The Amazing Colossal Adventures of WordGirl
112,The Amazing World of Gumball,240,2011-present,Cartoon Network,8.3,2011,NA,The Amazing World of Gumball
114,Angela Anaconda,65,1999-2001,Fox Kids,4.6,1999,2001,Angela Anaconda
115,Angelina Ballerina: The Next Steps,40,2009-2010,PBS Kids,4.7,2009,2010,Angelina Ballerina: The Next Steps
116,Angry Birds: Summer Madness,36,2022,Netflix,5.9,2022,NA,Angry Birds: Summer Madness
117,Animalia,40,2007-2008,PBS Kids Go!,6.1,2007,2008,Animalia
118,Arcane,9,2021-present,Netflix,9,2021,NA,Arcane
119,Archie's Weird Mysteries,40,1999-2000,Pax,7.3,1999,2000,Archie's Weird Mysteries
120,Around the World in Eighty Days,16,1972-1973,NBC,6.9,1972,1973,Around the World in Eighty Days
121,Arthur,253,1996-2022,PBS Kids,7.4,1996,2022,Arthur
122,As Told by Ginger,52,2000-2006,Nickelodeon,6.9,2000,2006,As Told by Ginger
123,The Avengers: United They Stand,13,1999-2000,Fox Kids Network,5.3,1999,2000,The Avengers: United They Stand
124,Babble Pop!,72,2021-present,Peacock,2.6,2021,NA,Babble Pop!
125,Baby Blues,13,2000-2002,The WB,7,2000,2002,Baby Blues
126,The Baby Huey Show,26,1994-1995,Syndication,7.2,1994,1995,The Baby Huey Show
127,Baby Looney Tunes,53,2001-2006,Kids' WB (season 1)Cartoon Network (season 2),6.1,2001,2006,Baby Looney Tunes
128,Baggy Pants and the Nitwits,13,1977,NBC,7.2,1977,NA,Baggy Pants and the Nitwits
129,Bailey's Comets,32,1973-1974,CBS,6.8,1973,1974,Bailey's Comets
130,Ballmastrz: 9009,20,2018-2020,Adult Swim,6.7,2018,2020,Ballmastrz: 9009
131,Baman Piderman,27,2009-present,YouTube,8.2,2009,NA,Baman Piderman
132,The Banana Splits,36,1968-1970,NBC,7.3,1968,1970,The Banana Splits
134,The Barkleys,13,1972,NBC,5.6,1972,NA,The Barkleys
135,Batfink,100,1966-1967,Syndication,7.1,1966,1967,Batfink
136,The Batman,65,2004-2008,Kids' WB,7.4,2004,2008,The Batman
137,Batman Beyond,52,1999-2001,Kids' WB,8.1,1999,2001,Batman Beyond
138,The Batman/Superman Hour,34,1968-1969,CBS,6.9,1968,1969,The Batman/Superman Hour
139,The Batman/Tarzan Adventure Hour,52,1977-1978,CBS,6.8,1977,1978,The Batman/Tarzan Adventure Hour
140,Batman: The Animated Series,85,1992-1995,Fox Kids,9,1992,1995,Batman: The Animated Series
141,Batman: The Brave and the Bold,65,2008-2011,Cartoon Network,7.3,2008,2011,Batman: The Brave and the Bold
142,Battle Kitty,9,2022,Netflix,6.3,2022,NA,Battle Kitty
143,BattleTech: The Animated Series,13,1994,Syndication,6.5,1994,NA,BattleTech: The Animated Series
144,Batwheels,27,2022-present,Cartoonito,6.3,2022,NA,Batwheels
145,Baymax!,6,2022,Disney+,7.2,2022,NA,Baymax!
146,The Beagles,36,1966-1967,CBS,6.2,1966,1967,The Beagles
147,"The BeatBuds, Let's Jam!",10,2021,Nickelodeon,6.9,2021,NA,"The BeatBuds, Let's Jam!"
148,Beavis and Butt-Head,270,1993-present,MTVParamount+,8.5,1993,NA,Beavis and Butt-Head
149,Beethoven,13,1994,CBS,5.2,1994,NA,Beethoven
150,Ben 10 (2005),52,2005-2008,Cartoon Network,7.5,2005,2008,Ben 10
151,Ben 10 (2016),178,2017-2021,Cartoon Network,2.8,2017,2021,Ben 10
152,Ben 10: Alien Force,46,2008-2010,Cartoon Network,7.4,2008,2010,Ben 10: Alien Force
153,Ben 10: Omniverse,80,2012-2014,Cartoon Network,6.3,2012,2014,Ben 10: Omniverse
154,Ben 10: Ultimate Alien,52,2010-2012,Cartoon Network,7.7,2010,2012,Ben 10: Ultimate Alien
155,Bert and Ernie's Great Adventures,52,2008-2010,PBS Kids,8.5,2008,2010,Bert and Ernie's Great Adventures
156,Betsy's Kindergarten Adventures,26,2008,PBS Kids,5.8,2008,NA,Betsy's Kindergarten Adventures
157,Between the Lions,130,2000-2010,PBS Kids,7.1,2000,2010,Between the Lions
158,Bibleman (revival series),26,2016-2020,Direct-to-Video,2.8,2016,2020,Bibleman (revival series)
159,Big Baby,7,2008,Cartoon Network,6.6,2008,NA,Big Baby
160,Big Bag,39,1996-1998,Cartoon Network,7,1996,1998,Big Bag
161,Big City Greens,80,2018-present,Disney Channel,7.5,2018,NA,Big City Greens
162,Big Guy and Rusty the Boy Robot,26,1999-2001,Fox Kids,7.6,1999,2001,Big Guy and Rusty the Boy Robot
163,Big Hero 6: The Series,56,2017-2021,Disney Channel,7.2,2017,2021,Big Hero 6: The Series
164,Big Mouth,61,2017-present,Netflix,7.8,2017,NA,Big Mouth
165,Big Nate,36,2022-present,Paramount+,7,2022,NA,Big Nate
166,The Big World of Little Adam,110,1964,Syndication,5.2,1964,NA,The Big World of Little Adam
167,Biker Mice from Mars (1993),65,1993-1996,Syndication,7,1993,1996,Biker Mice from Mars
168,Biker Mice from Mars (2006),28,2006-2007,4Kids TV,6.3,2006,2007,Biker Mice from Mars
169,Birdgirl,12,2021-2022,Adult Swim,6,2021,2022,Birdgirl
170,Birdman and the Galaxy Trio,20,1967-1968,NBC,6.7,1967,1968,Birdman and the Galaxy Trio
171,The Biskitts,26,1983-1984,CBS,7,1983,1984,The Biskitts
172,Black Dynamite,20,2012-2015,Adult Swim,7.4,2012,2015,Black Dynamite
173,Black Panther,6,2010,BET,7.2,2010,NA,Black Panther
174,Blast-Off Buzzard,13,1977,NBC,5.2,1977,NA,Blast-Off Buzzard
175,Bless the Harts,34,2019-2021,Fox,5.8,2019,2021,Bless the Harts
176,Blood of Zeus,8,2020,Netflix,7.5,2020,NA,Blood of Zeus
177,Bloop & Loop,50,2007,BabyFirstTV,4.2,2007,NA,Bloop & Loop
178,Blue's Clues,143,1996-2006,Nickelodeon,6.9,1996,2006,Blue's Clues
179,Bob's Burgers,260,2011-present,Fox,8.2,2011,NA,Bob's Burgers
180,The Bob Clampett Show,26,2000-2001,Cartoon Network,8.1,2000,2001,The Bob Clampett Show
181,BoJack Horseman,77,2014-2020,Netflix,8.8,2014,2020,BoJack Horseman
182,Bonkers,65,1993-1994,The Disney Channel,6.7,1993,1994,Bonkers
183,The Boondocks,55,2005-2014,Adult Swim,8.5,2005,2014,The Boondocks
184,Bordertown,13,2016,Fox,7.5,2016,NA,Bordertown
185,The Boss Baby: Back in Business,49,2018-2020,Netflix,6.5,2018,2020,The Boss Baby: Back in Business
186,The Boss Baby: Back in the Crib,28,2022-2023,Netflix,6.1,2022,2023,The Boss Baby: Back in the Crib
187,Bossy Bear,17,2023-present,Nick Jr.,8.3,2023,NA,Bossy Bear
188,The Boys Presents: Diabolical,8,2022,Amazon Prime Video,6.9,2022,NA,The Boys Presents: Diabolical
189,Bozo: The World's Most Famous Clown,157,1958-1962,Syndication,7.8,1958,1962,Bozo: The World's Most Famous Clown
190,Braingames,6,1983-1985,HBO,8.5,1983,1985,Braingames
191,Brad Neely's Harg Nallin' Sclopio Peepio,10,2016,Adult Swim,6.2,2016,NA,Brad Neely's Harg Nallin' Sclopio Peepio
192,The Brady Kids,22,1972-1973,ABC,5.6,1972,1973,The Brady Kids
193,The Brak Show,28,2000-2003,Adult Swim,7.1,2000,2003,The Brak Show
194,Brandy & Mr. Whiskers,39,2004-2006,Disney Channel,6.3,2004,2006,Brandy & Mr. Whiskers
195,Brats of the Lost Nebula,39,1998-1999,Kids' WB,6.9,1998,1999,Brats of the Lost Nebula
196,Bratz,40,2005-2008,Fox (4Kids TV),3.7,2005,2008,Bratz
197,BraveStarr,65,1987-1988,Syndication,7,1987,1988,BraveStarr
198,The Bremen Avenue Experience,5,2008,Cartoon Network,8.8,2008,NA,The Bremen Avenue Experience
199,Breezly and Sneezly,23,1964-1965,Syndication,6.2,1964,1965,Breezly and Sneezly
200,Brickleberry,36,2012-2015,Comedy Central,7.3,2012,2015,Brickleberry
201,Britannica's Tales Around the World,6,1991-1993,Direct to video,1.9,1991,1993,Britannica's Tales Around the World
202,Bucky and Pepito,36,1959-1960,Syndication,2.8,1959,1960,Bucky and Pepito
203,Bucky O'Hare and the Toad Wars!,13,1991,Syndication,7.3,1991,NA,Bucky O'Hare and the Toad Wars!
204,Buddy Thunderstruck,12,2017,Netflix,7.8,2017,NA,Buddy Thunderstruck
205,The Bug Diaries,12,2019-2020,Amazon Prime Video,6,2019,2020,The Bug Diaries
206,Bugs Bunny Builders,30,2022-present,Cartoonito,8.1,2022,NA,Bugs Bunny Builders
207,The Bugs Bunny Show,684,1960-2000,"ABC
CBS",8.6,1960,2000,The Bugs Bunny Show
208,Bugs 'n' Daffy,130,1995-1996,Kids' WB,8.1,1995,1996,Bugs 'n' Daffy
209,Bugtime Adventures,13,2004-2007,TBN,6.5,2004,2007,Bugtime Adventures
210,Bump in the Night,26,1994-1995,ABC,8,1994,1995,Bump in the Night
211,Bunnicula,104,2016-2018,Cartoon NetworkBoomerang,7.2,2016,2018,Bunnicula
212,Butch Cassidy and the Sundance Kids,13,1973,NBC,7.1,1973,NA,Butch Cassidy and the Sundance Kids
213,Buzz Lightyear of Star Command,62,2000-2001,UPNABC,6.7,2000,2001,Buzz Lightyear of Star Command
214,The Buzz on Maggie,20,2005-2006,Disney Channel,5.6,2005,2006,The Buzz on Maggie
215,Baby Shark's Big Show!,52,2020-present,Nickelodeon,3.1,2020,NA,Baby Shark's Big Show!
216,Back at the Barnyard,52,2007-2011,Nickelodeon,8.7,2007,2011,Back at the Barnyard
217,Back to the Future,26,1991-1992,CBS,6.4,1991,1992,Back to the Future
218,The Backyardigans,130,2004-2013,Nickelodeon,7.1,2004,2013,The Backyardigans
219,Bad Dog,40,1998-2000,Fox Family,5,1998,2000,Bad Dog
220,Barbie Dreamhouse Adventures,52,2018-2020,Netflix,6.7,2018,2020,Barbie Dreamhouse Adventures
221,Barbie: It Takes Two,26,2022-present,Netflix,6.8,2022,NA,Barbie: It Takes Two
222,Barbie: Life in the Dreamhouse,75,2012-2018,YouTube,7.5,2012,2018,Barbie: Life in the Dreamhouse
223,Barnyard Commandos,4,1990,Syndication,7.5,1990,NA,Barnyard Commandos
224,Battle of the Planets,85,1978-1980,Syndication,7.5,1978,1980,Battle of the Planets
225,Beast Machines: Transformers,26,1999-2000,Fox Kids,6.7,1999,2000,Beast Machines: Transformers
226,Beast Wars: Transformers,52,1996-1999,Syndication,8.1,1996,1999,Beast Wars: Transformers
228,Bee and PuppyCat: Lazy in Space,16,2022,Netflix,8.5,2022,NA,Bee and PuppyCat: Lazy in Space
229,Beetlejuice,94,1989-1991,ABC,7.5,1989,1991,Beetlejuice
230,The Berenstain Bears,52,1985-1987,CBS,6.9,1985,1987,The Berenstain Bears
231,Beverly Hills Teens,65,1987,Syndication,6.5,1987,NA,Beverly Hills Teens
232,Bigfoot Presents: Meteor and the Mighty Monster Trucks,26,2006-2008,Discovery Kids,5.5,2006,2008,Bigfoot Presents: Meteor and the Mighty Monster Trucks
233,Bill & Ted's Excellent Adventures,21,1990-1991,CBS,6.9,1990,1991,Bill & Ted's Excellent Adventures
234,Bionic Six,85,1987,Syndication,7.3,1987,NA,Bionic Six
235,Blade Runner: Black Lotus,13,2021-2022,Adult Swim,6.3,2021,2022,Blade Runner: Black Lotus
236,Blackstar,13,1981,CBS,6.7,1981,NA,Blackstar
237,Blaster's Universe,13,1999-2000,CBS,7.4,1999,2000,Blaster's Universe
238,Blaze and the Monster Machines,125,2014-present,Nickelodeon,5.7,2014,NA,Blaze and the Monster Machines
239,Blazing Team: Masters of Yo Kwon Do,42,2015-2017,Discovery Family,6.9,2015,2017,Blazing Team: Masters of Yo Kwon Do
240,Blippi Wonders,28,2021-present,YouTube,4.7,2021,NA,Blippi Wonders
241,Blue Eye Samurai,8,2023-present,Netflix,8.8,2023,NA,Blue Eye Samurai
242,Blue's Clues & You!,69,2019-present,Nickelodeon,6.8,2019,NA,Blue's Clues & You!
243,"Bob the Builder: Ready, Steady, Build!",44,2010-2011,PBS Kids,5.6,2010,2011,"Bob the Builder: Ready, Steady, Build!"
244,Bobby's World,81,1990-1998,Fox Kids,7.2,1990,1998,Bobby's World
245,Bounty Hunters,13,2013,CMT,2,2013,NA,Bounty Hunters
246,Boy Girl Dog Cat Mouse Cheese,104,2019-present,CBBC,6.3,2019,NA,Boy Girl Dog Cat Mouse Cheese
247,The Bravest Knight,13,2019,Hulu,6.9,2019,NA,The Bravest Knight
248,Bravest Warriors,82,2012-2018,YouTubeVRV,8.1,2012,2018,Bravest Warriors
249,Breadwinners,52,2014-2016,Nickelodeon,2.8,2014,2016,Breadwinners
250,The Brothers Flub,26,1999,Nickelodeon,4,1999,NA,The Brothers Flub
251,The Brothers Grunt,42,1994-1995,MTV,3,1994,1995,The Brothers Grunt
252,Bubble Guppies,125,2011-present,Nickelodeon,6.3,2011,NA,Bubble Guppies
253,A Bunch of Munsch,7,1991-1992,Showtime,7.3,1991,1992,A Bunch of Munsch
254,Bunsen Is a Beast,26,2017-2018,Nickelodeon,4,2017,2018,Bunsen Is a Beast
255,Butt-Ugly Martians,26,2001-2003,Nickelodeon,3.4,2001,2003,Butt-Ugly Martians
256,Butterbean's Cafe,60,2018-2020,Nickelodeon,6.6,2018,2020,Butterbean's Cafe
257,Cake,47,2019-2021,FXX,6.5,2019,2021,Cake
258,The California Raisin Show,13,1989,CBS,6.1,1989,NA,The California Raisin Show
260,Calling Cat-22,5,2008,Cartoon Network,7.1,2008,NA,Calling Cat-22
261,Calvin and the Colonel,26,"1961-1962, 1964-1965",ABC,6.6,1961,1962,Calvin and the Colonel
262,Camp Camp,60,2016-present,YouTube,8,2016,NA,Camp Camp
263,Camp Lazlo,61,2005-2008,Cartoon Network,6.4,2005,2008,Camp Lazlo
264,Camp WWE,10,2016-2018,WWE Network,6.4,2016,2018,Camp WWE
265,Can You Teach My Alligator Manners?,20,2008-2010,Playhouse Disney,7.8,2008,2010,Can You Teach My Alligator Manners?
266,Capitol Critters,13,1992-1996,CBS,6.5,1992,1996,Capitol Critters
267,Capt'n Sailorbird,190,1959-1960,Syndication,5.4,1959,1960,Capt'n Sailorbird
268,Captain Caveman and the Teen Angels,20,1978-1979,ABC,6.4,1978,1979,Captain Caveman and the Teen Angels
269,Captain Fall,10,2023,Netflix,7,2023,NA,Captain Fall
270,Captain Planet and the Planeteers,113,1990-1996,TBS,6.7,1990,1996,Captain Planet and the Planeteers
271,Captain Simian & the Space Monkeys,26,1996-1997,Syndication,7.6,1996,1997,Captain Simian & the Space Monkeys
272,Capt'n Sailorbird,190,1959,Syndication,4.2,1959,NA,Capt'n Sailorbird
273,Care Bears & Cousins,12,2015-2016,Netflix,6.9,2015,2016,Care Bears & Cousins
274,Care Bears: Adventures in Care-a-lot,26,2007-2008,CBS,5.5,2007,2008,Care Bears: Adventures in Care-a-lot
275,Care Bears: Welcome to Care-a-Lot,26,2012,The Hub,5.4,2012,NA,Care Bears: Welcome to Care-a-Lot
276,Cars on the Road,9,2022,Disney+,6.9,2022,NA,Cars on the Road
277,Cars Toons,15,2008-2014,Disney Channel,6.8,2008,2014,Cars Toons
278,Cartoon Alley,47,2004-2007,Turner Classic Movies,8.1,2004,2007,Cartoon Alley
279,Cartoon Planet,146,"1995-1998, 2012-2014",TBSCartoon Network,8.5,1995,1998,Cartoon Planet
280,The Casagrandes,70,2019-2022,Nickelodeon,5.8,2019,2022,The Casagrandes
281,Casper and the Angels,13,1979,NBC,5.7,1979,NA,Casper and the Angels
282,Castlevania,32,2017-2021,Netflix,8.3,2017,2021,Castlevania
283,Castlevania: Nocturne,8,2023-present,Netflix,7.4,2023,NA,Castlevania: Nocturne
285,CatDog,68,1998-2005,Nickelodeon,6.5,1998,2005,CatDog
286,Catscratch,20,2005-2007,Nickelodeon,6.7,2005,2007,Catscratch
288,Cattanooga Cats,17,1969-1971,ABC,7.2,1969,1971,Cattanooga Cats
289,Cave Kids,8,1996,Syndication,7.7,1996,NA,Cave Kids
290,CB Bears,13,1977,NBC,5.7,1977,NA,CB Bears
291,Centaurworld,18,2021,Netflix,7.7,2021,NA,Centaurworld
292,Central Park,39,2020-2022,Apple TV+,6.9,2020,2022,Central Park
293,Centurions,65,1986,Syndication,7.6,1986,NA,Centurions
294,Ceasar and Chuy,26,2007,LATV,4.6,2007,NA,Ceasar and Chuy
295,ChalkZone,40,2002-2008,Nickelodeon,6.5,2002,2008,ChalkZone
296,Challenge of the GoBots,65,1984-1985,Syndication,6.3,1984,1985,Challenge of the GoBots
297,Challenge of the Superfriends,16,1978,ABC,7.2,1978,NA,Challenge of the Superfriends
298,Channel Umptee-3,13,1997-1998,Kids' WB,6.8,1997,1998,Channel Umptee-3
299,The Charlie Brown and Snoopy Show,18,1983-1985,CBS,7.4,1983,1985,The Charlie Brown and Snoopy Show
301,Chibiverse,4,2022-present,Disney Channel,6.4,2022,NA,Chibiverse
302,The Chica Show,51,2012-2015,Sprout,6.4,2012,2015,The Chica Show
303,Chicago Party Aunt,16,2021-present,Netflix,5.6,2021,NA,Chicago Party Aunt
304,The Chicken Squad,29,2021-2022,Disney Junior,5.8,2021,2022,The Chicken Squad
305,"China, IL",30,2011-2015,Adult Swim,7.1,2011,2015,"China, IL"
306,Chip 'n Dale: Rescue Rangers,65,1989-1990,Syndication,7,1989,1990,Chip 'n Dale: Rescue Rangers
307,Chowder,49,2007-2010,Cartoon Network,7.4,2007,2010,Chowder
308,Chozen,10,2014,FX,6.5,2014,NA,Chozen
309,The Chuck Jones Show,6,2001-2002,Cartoon Network,7.4,2001,2002,The Chuck Jones Show
311,Clarence,130,2014-2018,Cartoon Network,6.8,2014,2018,Clarence
312,Class of 3000,27,2006-2008,Cartoon Network,6.5,2006,2008,Class of 3000
313,Classical Baby,6,2005,HBO Family,8.8,2005,NA,Classical Baby
314,Cleopatra in Space,24,2020-2022,HuluPeacock,6.6,2020,2022,Cleopatra in Space
315,Clerks: The Animated Series,6,2000-2002,ABC,7.4,2000,2002,Clerks: The Animated Series
316,The Cleveland Show,89,2009-2013,Fox,5.6,2009,2013,The Cleveland Show
317,Close Enough,24,2020-2022,HBO Max,7.8,2020,2022,Close Enough
318,Clue Club,16,1976,CBS,6.8,1976,NA,Clue Club
319,Clutch Cargo,52,1959-1960,Syndication,5.5,1959,1960,Clutch Cargo
320,Code Monkeys,26,2007-2008,G4,7.2,2007,2008,Code Monkeys
321,Codename: Kids Next Door,78,2002-2008,Cartoon Network,7.2,2002,2008,Codename: Kids Next Door
322,Colonel Bleep,100,1957-1960,Syndication,6.5,1957,1960,Colonel Bleep
323,The Comic Strip,65,1987,Syndication,7.8,1987,NA,The Comic Strip
324,Commander McBragg,48,1964-1966,CBS,3.1,1964,1966,Commander McBragg
325,The Completely Mental Misadventures of Ed Grimley,13,1988,NBC,7.5,1988,NA,The Completely Mental Misadventures of Ed Grimley
326,Conan and the Young Warriors,13,1994,CBS,7,1994,NA,Conan and the Young Warriors
327,Constantine: City of Demons,2,2018-2019,CW Seed,7.5,2018,2019,Constantine: City of Demons
328,Costume Quest,14,2019,Amazon Prime Video,7.1,2019,NA,Costume Quest
329,Courage the Cowardly Dog,52,1999-2002,Cartoon Network,8.3,1999,2002,Courage the Cowardly Dog
330,Courageous Cat and Minute Mouse,130,1960-1962,Syndication,7.4,1960,1962,Courageous Cat and Minute Mouse
331,Cow and Chicken,52,1997-1999,Cartoon Network,6.5,1997,1999,Cow and Chicken
332,Craig of the Creek,170,2018-present,Cartoon Network,7.5,2018,NA,Craig of the Creek
333,The Crayon Box,26,1997-1998,Syndication,2.1,1997,1998,The Crayon Box
334,The Critic,23,1994-1995,ABC,7.8,1994,1995,The Critic
335,Cro,21,1993-1994,ABC,8.4,1993,1994,Cro
336,The Croods: Family Tree,39,2021-2023,HuluPeacock,6.8,2021,2023,The Croods: Family Tree
337,Crossing Swords,20,2020-2021,Hulu,6.7,2020,2021,Crossing Swords
338,Curious George (2006),198,2006-2022,PBS KidsPeacock,6.5,2006,2022,Curious George
339,Curses!,10,2023-present,Apple TV+,6.8,2023,NA,Curses!
340,The Cyanide & Happiness Show,41,2014-2019,YouTubeSeesoVRV,7.9,2014,2019,The Cyanide & Happiness Show
341,C Bear and Jamal,13,1996-1997,Fox Kids,5.8,1996,1997,C Bear and Jamal
342,Cadillacs and Dinosaurs,13,1993-1994,CBS,7,1993,1994,Cadillacs and Dinosaurs
343,Camp Candy,39,1989-1992,NBC,6.8,1989,1992,Camp Candy
344,Captain Harlock and the Queen of a Thousand Years,65,1986,Syndication,7.7,1986,NA,Captain Harlock and the Queen of a Thousand Years
345,Captain Laserhawk: A Blood Dragon Remix,10,2023,Netflix,7.1,2023,NA,Captain Laserhawk: A Blood Dragon Remix
346,Captain N: The Game Master,34,1989-1991,NBC,6.3,1989,1991,Captain N: The Game Master
347,Care Bears,11,1985,Syndication,7.2,1985,NA,Care Bears
348,The Care Bears Family,49,1986-1988,ABCSyndication,6,1986,1988,The Care Bears Family
349,Care Bears: Unlock the Magic,49,2019-2020,Boomerang,7.6,2019,2020,Care Bears: Unlock the Magic
350,Carmen Sandiego,19,2019-2021,Netflix,7.9,2019,2021,Carmen Sandiego
351,Carol & The End of The World,10,2023,Netflix,7.2,2023,NA,Carol & The End of The World
352,Cartoon Sushi,15,1997-1998,MTV,7.3,1997,1998,Cartoon Sushi
353,Casper's Scare School,52,2009-2012,Cartoon Network,4.5,2009,2012,Casper's Scare School
354,The Cat in the Hat Knows a Lot About That!,80,2010-2018,PBS Kids,6.4,2010,2018,The Cat in the Hat Knows a Lot About That!
355,CBS Storybreak,26,1985-1989,CBS,7.8,1985,1989,CBS Storybreak
356,Celebrity Deathmatch,93,"1998-2002, 2006-2007","MTV, MTV2",6.9,1998,2002,Celebrity Deathmatch
357,Chaotic,79,2006-2010,Fox (4Kids TV),6.6,2006,2010,Chaotic
358,Charlie's Colorforms City,39,2019-2022,Netflix,6.6,2019,2022,Charlie's Colorforms City
359,Chico Bon Bon: Monkey with a Tool Belt,38,2020,Netflix,6.3,2020,NA,Chico Bon Bon: Monkey with a Tool Belt
360,Chip 'n' Dale: Park Life,24,2021-present,Disney+,6,2021,NA,Chip 'n' Dale: Park Life
361,Chloe's Closet,52,2009-2014,Sprout,7.4,2009,2014,Chloe's Closet
362,City of Ghosts,6,2021,Netflix,7.4,2021,NA,City of Ghosts
363,Click and Clack's As the Wrench Turns,10,2008,PBS,5.4,2008,NA,Click and Clack's As the Wrench Turns
364,Clifford the Big Red Dog (2000),66,2000-2003,PBS Kids,6.5,2000,2003,Clifford the Big Red Dog
365,Clifford the Big Red Dog (2019),39,2019-2021,PBS KidsAmazon Prime Video,5.6,2019,2021,Clifford the Big Red Dog
366,Clifford's Puppy Days,78,2003-2006,PBS Kids,6.6,2003,2006,Clifford's Puppy Days
367,Clone High,23,"2002-2003, 2023-present",MTVMax,6.4,2002,2003,Clone High
368,Cloudy with a Chance of Meatballs,52,2017-2018,Cartoon Network,6.9,2017,2018,Cloudy with a Chance of Meatballs
369,Cocomelon,80,2020-present,YouTube,4.1,2020,NA,Cocomelon
370,Coconut Fred's Fruit Salad Island,13,2005-2006,Kids' WB,2.6,2005,2006,Coconut Fred's Fruit Salad Island
371,Conan the Adventurer,65,1992-1993,Syndication,7.3,1992,1993,Conan the Adventurer
372,Cool McCool,20,1966-1967,NBC,7,1966,1967,Cool McCool
373,COPS,65,1988,Syndication,6.9,1988,NA,COPS
374,Cosmic Quantum Ray,26,2007-2008,Animalia HDThe Hub,6,2007,2008,Cosmic Quantum Ray
375,The Cramp Twins,26,2004,Cartoon Network,6.1,2004,NA,The Cramp Twins
376,Crashbox,52,1999-2000,HBO Family,8.6,1999,2000,Crashbox
377,Creative Galaxy,36,2013-2019,Amazon Prime Video,5.2,2013,2019,Creative Galaxy
378,The Creature Cases,20,2022-present,Netflix,7.6,2022,NA,The Creature Cases
379,Creepy Crawlers,23,1994-1996,Syndication,6.6,1994,1996,Creepy Crawlers
380,Crusader Rabbit,455,1950-1959,Syndication,7.1,1950,1959,Crusader Rabbit
381,The Cuphead Show!,36,2022,Netflix,7.4,2022,NA,The Cuphead Show!
383,Cyberchase,140,2002-present,"PBS Kids (2002-2004, 2013-present)PBS Kids Go! (2004-2013)",6.9,2002,NA,Cyberchase
385,Dallas & Robo,8,2018,YouTube Premium,6.5,2018,NA,Dallas & Robo
386,Dan Vs.,53,2011-2013,The Hub,7.7,2011,2013,Dan Vs.
387,Danger & Eggs,13,2017,Amazon Video,5.1,2017,NA,Danger & Eggs
388,Danger Rangers,16,2005-2006,PBS Kids,7.6,2005,2006,Danger Rangers
389,Danny Phantom,53,2004-2007,Nickelodeon,7.2,2004,2007,Danny Phantom
390,Daria,65,1997-2002,MTV,8.1,1997,2002,Daria
391,Darkstalkers,13,1995,Syndication,4.2,1995,NA,Darkstalkers
392,Darkwing Duck,91,1991-1992,ABC,7.6,1991,1992,Darkwing Duck
393,Dastardly and Muttley in Their Flying Machines,17,1969-1970,CBS,7.1,1969,1970,Dastardly and Muttley in Their Flying Machines
394,Dave the Barbarian,21,2004-2005,Disney Channel,7,2004,2005,Dave the Barbarian
395,Davey and Goliath,73,1961-1973,Syndication,7.5,1961,1973,Davey and Goliath
396,Dawn of the Croods,52,2015-2017,Netflix,5.8,2015,2017,Dawn of the Croods
397,DC Nation Shorts,162,2011-2014,Cartoon Network,7.2,2011,2014,DC Nation Shorts
398,DC Super Hero Girls (2015),112,2015-2018,Cartoon Network,7.1,2015,2018,DC Super Hero Girls
399,DC Super Hero Girls (2019),78,2019-2021,Cartoon Network,7.3,2019,2021,DC Super Hero Girls
400,El Deafo,3,2022,Amazon Prime Video,7.7,2022,NA,El Deafo
401,Deathstroke: Knights & Dragons,2,2020,CW Seed,6.3,2020,NA,Deathstroke: Knights & Dragons
402,Decisive Battles,13,2004,History Channel,7.8,2004,NA,Decisive Battles
403,Deepa & Anoop,18,2022-present,Netflix,8.1,2022,NA,Deepa & Anoop
404,Defenders of the Earth,65,1986-1987,Syndication,7,1986,1987,Defenders of the Earth
405,The Deputy Dawg Show,104,1960-1964,Syndication,7,1960,1964,The Deputy Dawg Show
406,Detention,13,1999-2000,Kids' WB,7.6,1999,2000,Detention
407,Devil May Care,7,2021,Syfy,6.2,2021,NA,Devil May Care
408,Devlin,16,1974,ABC,7.2,1974,NA,Devlin
409,Dew Drop Diaries,28,2023-present,Netflix,8.6,2023,NA,Dew Drop Diaries
410,Dexter's Laboratory,78,1996-2003,Cartoon Network,7.9,1996,2003,Dexter's Laboratory
411,The Dick & Paula Celebrity Special,6,1999-2000,FX,8.1,1999,2000,The Dick & Paula Celebrity Special
412,Dick Figures,54,2010-2015,YouTube,7.8,2010,2015,Dick Figures
413,The Dick Tracy Show,130,1961-1962,Syndication,5.6,1961,1962,The Dick Tracy Show
414,Dicktown,20,2020-2022,FXX,6.8,2020,2022,Dicktown
415,Digman!,8,2023-present,Comedy Central,6.5,2023,NA,Digman!
416,Dilbert,30,1999-2000,UPN,7.3,1999,2000,Dilbert
417,"Dink, the Little Dinosaur",21,1989-1990,CBS,7.1,1989,1990,"Dink, the Little Dinosaur"
418,Dino Pop!,36,2023-present,Peacock,7.6,2023,NA,Dino Pop!
419,DinoSquad,26,2007-2008,CBS,5.2,2007,2008,DinoSquad
420,Dinotrux,78,2015-2018,Netflix,6.8,2015,2018,Dinotrux
421,Dino-Riders,14,1988,Syndication,7.1,1988,NA,Dino-Riders
422,Disenchantment,50,2018-2023,Netflix,7.2,2018,2023,Disenchantment
423,DJ & the Fro,12,2009,MTV,5.5,2009,NA,DJ & the Fro
424,Doc McStuffins,244,2012-2020,Disney Junior,6.5,2012,2020,Doc McStuffins
425,Doctor Dolittle,17,1970-1971,NBC,8,1970,1971,Doctor Dolittle
426,Donald Duck Presents,71,1983-1992,The Disney Channel,7.9,1983,1992,Donald Duck Presents
427,Donald's Quack Attack,94,1992-1997,The Disney Channel,7.1,1992,1997,Donald's Quack Attack
428,"Do, Re & Mi",26,2021-present,Amazon Prime Video,7.4,2021,NA,"Do, Re & Mi"
429,Dora and Friends: Into the City!,38,2014-2017,Nickelodeon,3.8,2014,2017,Dora and Friends: Into the City!
430,Dora the Explorer,177,2000-2019,Nickelodeon,4.3,2000,2019,Dora the Explorer
431,Dorothy and the Wizard of Oz,60,2017-2020,Boomerang,6,2017,2020,Dorothy and the Wizard of Oz
432,Doug Unplugs,26,2020-2022,Apple TV+,7.2,2020,2022,Doug Unplugs
433,Downtown,13,1999,MTV,8.3,1999,NA,Downtown
434,Dr. Henry's Emergency Lessons for People,8,1979-1980,ABC,4.4,1979,1980,Dr. Henry's Emergency Lessons for People
435,Dragon's Lair,13,1984,ABC,6.6,1984,NA,Dragon's Lair
436,Drawn Together,36,2004-2007,Comedy Central,7.1,2004,2007,Drawn Together
437,Dream Corp LLC,28,2016-2020,Adult Swim,7.2,2016,2020,Dream Corp LLC
438,DreamWorks Dragons,118,2012-2018,Cartoon NetworkNetflix,7.9,2012,2018,DreamWorks Dragons
439,DreamWorks Dragons: Rescue Riders,53,2019-2022,NetflixPeacock,6,2019,2022,DreamWorks Dragons: Rescue Riders
440,DreamWorks Dragons: The Nine Realms,52,2021-2023,HuluPeacock,5.3,2021,2023,DreamWorks Dragons: The Nine Realms
441,The Drinky Crow Show,10,2008-2009,Adult Swim,6.5,2008,2009,The Drinky Crow Show
442,"Droopy, Master Detective",39,1993,Fox Kids,6.3,1993,NA,"Droopy, Master Detective"
443,"Dr. Katz, Professional Therapist",81,1995-2002,Comedy Central,7.6,1995,2002,"Dr. Katz, Professional Therapist"
444,Duck Dodgers,39,2003-2005,Cartoon Network,7.7,2003,2005,Duck Dodgers
445,Duck & Goose,17,2022-present,Apple TV+,7.8,2022,NA,Duck & Goose
446,Duckman,70,1994-1997,USA Network,7.8,1994,1997,Duckman
447,DuckTales (1987),100,1987-1990,Syndication,8,1987,1990,DuckTales
448,DuckTales (2017),69,2017-2021,"Disney XD (2017, 2020-21)Disney Channel (2018-19)",8.3,2017,2021,DuckTales
449,Dug Days,5,2021,Disney+,8,2021,NA,Dug Days
450,The Dukes,20,1983,CBS,5.5,1983,NA,The Dukes
451,Dumb and Dumber,13,1995-1996,ABC,7.3,1995,1996,Dumb and Dumber
452,Dungeons & Dragons,27,1983-1985,CBS,8,1983,1985,Dungeons & Dragons
453,"Dynomutt, Dog Wonder",20,1976-1977,ABC,6.6,1976,1977,"Dynomutt, Dog Wonder"
454,Da Boom Crew,4,2004,Kids' WB,2.5,2004,NA,Da Boom Crew
455,Da Jammies,13,2015,Netflix,7.1,2015,NA,Da Jammies
456,Daniel Spellbound,20,2022-present,Netflix,6.9,2022,NA,Daniel Spellbound
457,Daniel Tiger's Neighborhood,134,2012-present,PBS Kids,7.5,2012,NA,Daniel Tiger's Neighborhood
458,Dead End: Paranormal Park,20,2022,Netflix,7.1,2022,NA,Dead End: Paranormal Park
459,Dee & Friends in Oz,16,2024-present,Netflix,8.5,2024,NA,Dee & Friends in Oz
460,Dennis the Menace,78,1986-1988,Syndication,6.2,1986,1988,Dennis the Menace
461,"Denver, the Last Dinosaur",50,1988,Syndication,6.4,1988,NA,"Denver, the Last Dinosaur"
462,Descendants: Wicked World,33,2015-2017,Disney Channel,6.4,2015,2017,Descendants: Wicked World
463,Diabolik,40,1999-2001,Fox Kids,5.9,1999,2001,Diabolik
464,Dinky Dog,16,1980,CBS,6.1,1980,NA,Dinky Dog
465,Dino Babies,26,1994-1996,Fox Family,7.2,1994,1996,Dino Babies
466,Dinosaur Train,100,2009-2020,PBS Kids,8.5,2009,2020,Dinosaur Train
467,Dinozaurs,26,2000,Fox Kids,6.8,2000,NA,Dinozaurs
468,Dog City,31,1992-1994,Fox Kids,7.2,1992,1994,Dog City
469,Dogs in Space,20,2021-2022,Netflix,7.2,2021,2022,Dogs in Space
470,Domo TV,26,2008-2009,Nicktoons Network,7.2,2008,2009,Domo TV
471,Doomlands,10,2022-present,The Roku Channel,6.6,2022,NA,Doomlands
472,The Doozers,72,2013-2018,Hulu,7.4,2013,2018,The Doozers
473,Dot.,78,2016-2018,Universal Kids,7.7,2016,2018,Dot.
474,Dota: Dragon's Blood,24,2021-2022,Netflix,7.7,2021,2022,Dota: Dragon's Blood
475,Double Dragon,26,1993-1994,Syndication,6.3,1993,1994,Double Dragon
476,Doug,117,1991-1999,"Nickelodeon (Seasons 1-4)
ABC (Seasons 5-7)",7.4,1991,1999,Doug
477,Dragon,78,2004-2007,Qubo,8.3,2004,2007,Dragon
478,Dragon Flyz,26,1996-1997,Syndication,7,1996,1997,Dragon Flyz
479,The Dragon Prince,36,2018-present,Netflix,8.3,2018,NA,The Dragon Prince
480,Dragon Tales,155,1999-2005,PBS Kids,8.4,1999,2005,Dragon Tales
481,Drak Pack,16,1980,CBS,6.7,1980,NA,Drak Pack
482,Duncanville,36,2020-2022,Fox,6.3,2020,2022,Duncanville
483,Eagle Riders,26,1996-1997,Syndication,7.9,1996,1997,Eagle Riders
484,Earthworm Jim,23,1995-1996,Kids' WB,7.2,1995,1996,Earthworm Jim
485,"Ed, Edd n Eddy",69,1999-2009,Cartoon Network,7.5,1999,2009,"Ed, Edd n Eddy"
486,Edgar & Ellen,26,2007-2008,Nicktoons Network,5.8,2007,2008,Edgar & Ellen
487,Eek! The Cat,75,1992-1997,Fox Kids,7.2,1992,1997,Eek! The Cat
488,Elena of Avalor,77,2016-2020,Disney Junior,6.5,2016,2020,Elena of Avalor
489,Elinor Wonders Why,40,2020-2022,PBS Kids,8.2,2020,2022,Elinor Wonders Why
490,Ellen's Acres,26,2007,Cartoon Network,6.2,2007,NA,Ellen's Acres
491,Elliott from Earth,20,2021,Cartoon Network,7.5,2021,NA,Elliott from Earth
492,Eloise: The Animated Series,13,2006,Starz Kids & Family,6.5,2006,NA,Eloise: The Animated Series
493,Emergency +4,23,1973-1974,NBC,7.2,1973,1974,Emergency +4
494,The Emperor's New School,52,2006-2008,Disney Channel,6.6,2006,2008,The Emperor's New School
495,The Epic Tales of Captain Underpants,45,2018-2020,Netflix,6.7,2018,2020,The Epic Tales of Captain Underpants
496,Epithet Erased,7,2019,VRV,5.9,2019,NA,Epithet Erased
497,Esme & Roy,52,2018-2021,HBO,7.6,2018,2021,Esme & Roy
498,Eureka!,30,2022-present,Disney Junior,7.9,2022,NA,Eureka!
499,Eva the Owlet,16,2023-present,Apple TV+,8.3,2023,NA,Eva the Owlet
500,Evil Con Carne,13,2001-2004,Cartoon Network,6.9,2001,2004,Evil Con Carne
501,Ewoks,26,1985-1986,ABC,6,1985,1986,Ewoks
502,Exosquad,52,1993-1994,Syndication,8.4,1993,1994,Exosquad
503,Exposure,20,2000-2002,Sci Fi Channel,7.9,2000,2002,Exposure
504,Extreme Dinosaurs,52,1997,Syndication,6.4,1997,NA,Extreme Dinosaurs
505,Extreme Ghostbusters,40,1997,Syndication,6.9,1997,NA,Extreme Ghostbusters
506,Eye Drops,13,2002,TechTV,2.1,2002,NA,Eye Drops
507,F Is for Family,44,2015-2021,Netflix,8,2015,2021,F Is for Family
508,Fabulous Funnies,13,1978-1979,NBC,7.6,1978,1979,Fabulous Funnies
509,Face's Music Party,15,2022-present,Nickelodeon,8.9,2022,NA,Face's Music Party
510,Fairfax,16,2021-2022,Amazon Prime Video,5.4,2021,2022,Fairfax
511,The Fairly OddParents,172,2001-2017,Nickelodeon,7.2,2001,2017,The Fairly OddParents
512,Fairview,8,2022,Comedy Central,1.5,2022,NA,Fairview
513,Family Dog,10,1993,CBS,6.9,1993,NA,Family Dog
514,Family Guy,409,1999-present,Fox,8.1,1999,NA,Family Guy
515,Famous Classic Tales,31,1970-1984,CBS,4.6,1970,1984,Famous Classic Tales
516,Fanboy & Chum Chum,52,2009-2014,Nickelodeon,3.3,2009,2014,Fanboy & Chum Chum
517,Fancy Nancy,63,2018-2022,Disney Junior,5.4,2018,2022,Fancy Nancy
518,Fangface,16,1978-1980,ABC,6.1,1978,1980,Fangface
519,Fantastic Four (1967),20,1967-1968,ABC,6.6,1967,1968,Fantastic Four
520,Fantastic Four (1994),26,1994-1996,Syndication,3.8,1994,1996,Fantastic Four
521,Fantastic Four: World's Greatest Heroes,26,2006-2010,Cartoon Network,6.7,2006,2010,Fantastic Four: World's Greatest Heroes
522,Fantastic Max,26,1988-1990,Syndication,6.9,1988,1990,Fantastic Max
523,Fantastic Voyage,17,1968-1969,ABC,6.8,1968,1969,Fantastic Voyage
524,The Fantastic Voyages of Sinbad the Sailor,26,1998,Cartoon Network,7.2,1998,NA,The Fantastic Voyages of Sinbad the Sailor
525,Fast & Furious Spy Racers,52,2019-2021,Netflix,5.9,2019,2021,Fast & Furious Spy Racers
526,Fat Albert and the Cosby Kids,110,1972-1985,CBS,6.7,1972,1985,Fat Albert and the Cosby Kids
527,Father of the Pride,13,2004-2005,NBC,6.7,2004,2005,Father of the Pride
528,Fatherhood,26,2004-2006,Nick at Nite,6.6,2004,2006,Fatherhood
529,Farzar,10,2022,Netflix,5.6,2022,NA,Farzar
530,Feeling Good with JoJo,20,2006-2008,Playhouse Disney,4.2,2006,2008,Feeling Good with JoJo
531,Festival of Family Classics,20,1972-1973,Syndication,7.6,1972,1973,Festival of Family Classics
532,Fetch! with Ruff Ruffman,100,2006-2010,PBS Kids Go!,7.3,2006,2010,Fetch! with Ruff Ruffman
533,Felix the Cat,260,1958-1960,Syndication,6.6,1958,1960,Felix the Cat
534,Fievel's American Tails,13,1992,CBS,6.2,1992,NA,Fievel's American Tails
535,Fillmore!,26,2002-2004,"ABC
Toon Disney",7.6,2002,2004,Fillmore!
536,Final Space,36,2018-2021,TBSAdult Swim,8.2,2018,2021,Final Space
537,Firebuds,24,2022-present,Disney Junior,5.3,2022,NA,Firebuds
538,Fired on Mars,8,2023-present,HBO Max,6.9,2023,NA,Fired on Mars
539,Firehouse Tales,26,2005-2006,Cartoon Network,7,2005,2006,Firehouse Tales
540,Fish Hooks,110,2010-2014,Disney Channel,4.9,2010,2014,Fish Hooks
541,Fish Police,3,1992,CBS,7.9,1992,NA,Fish Police
542,The Flintstone Comedy Hour,16,1972-1974,CBS,6.5,1972,1974,The Flintstone Comedy Hour
543,The Flintstone Comedy Show,18,1980-1981,NBC,6.6,1980,1981,The Flintstone Comedy Show
544,The Flintstone Funnies,45,1982-1984,NBC,6.6,1982,1984,The Flintstone Funnies
545,The Flintstone Kids,36,1986-1987,ABC,5.8,1986,1987,The Flintstone Kids
546,The Flintstones,166,1960-1966,ABC,7.5,1960,1966,The Flintstones
547,The Fonz and the Happy Days Gang,24,1980-1981,ABC,5.4,1980,1981,The Fonz and the Happy Days Gang
548,Foofur,26,1986-1988,NBC,5.8,1986,1988,Foofur
549,Force Five,130,1980-1981,Syndication,5,1980,1981,Force Five
550,Forky Asks a Question,10,2019-2020,Disney+,6.6,2019,2020,Forky Asks a Question
551,Foster's Home for Imaginary Friends,79,2004-2009,Cartoon Network,7.6,2004,2009,Foster's Home for Imaginary Friends
552,Four Eyes!,24,2006,Nicktoons Network,7.4,2006,NA,Four Eyes!
554,Fox's Peter Pan & the Pirates,65,1990-1991,Fox Kids,7.2,1990,1991,Fox's Peter Pan & the Pirates
555,Fraggle Rock: The Animated Series,13,1987,NBC,7.2,1987,NA,Fraggle Rock: The Animated Series
556,Fraidy Cat,12,1975,ABC,5.8,1975,NA,Fraidy Cat
557,Frankenstein Jr. and The Impossibles,18,1966-1967,CBS,6.6,1966,1967,Frankenstein Jr. and The Impossibles
558,Frankenguy and the Professor,8,1997-2002,Playhouse Disney,4.6,1997,2002,Frankenguy and the Professor
559,Frances,4,2008,PBS Kids Sprout,3.1,2008,NA,Frances
560,The Freak Brothers,12,2021-present,Tubi,6,2021,NA,The Freak Brothers
561,Freak Show,8,2006,Comedy Central,5,2006,NA,Freak Show
562,Freakazoid!,24,1995-1996,Kids' WB,7.5,1995,1996,Freakazoid!
563,Fred and Barney Meet the Shmoo,17,1979-1980,NBC,6.3,1979,1980,Fred and Barney Meet the Shmoo
564,Fred and Barney Meet the Thing,13,1979,NBC,5.6,1979,NA,Fred and Barney Meet the Thing
565,Fred Flintstone and Friends,95,1977-1978,Syndication,7.2,1977,1978,Fred Flintstone and Friends
566,Free for All,7,2003,Showtime,6.4,2003,NA,Free for All
567,Free Willy,21,1994-1995,ABC,6,1994,1995,Free Willy
568,The Freedom Force,5,1978,ABC,8,1978,NA,The Freedom Force
569,Fresh Beat Band of Spies,20,2015-2016,Nickelodeon,6.9,2015,2016,Fresh Beat Band of Spies
570,Friday: The Animated Series,7,2006,MTV2,6,2006,NA,Friday: The Animated Series
571,Fright Krewe,10,2023-present,HuluPeacock,7.4,2023,NA,Fright Krewe
572,Frisky Dingo,25,2006-2008,Adult Swim,8.2,2006,2008,Frisky Dingo
573,Frog in a Suit,3,2011,YouTube,7.8,2011,NA,Frog in a Suit
574,The Fungies!,80,2020-2021,MaxCartoon Network,6.7,2020,2021,The Fungies!
575,Funky Cops,39,2002-2004,4Kids TV,6.8,2002,2004,Funky Cops
576,The Funky Phantom,17,1971-1972,ABC,6.4,1971,1972,The Funky Phantom
577,The Funny Company,155,1963,Syndication,7.9,1963,NA,The Funny Company
578,The Further Adventures of SuperTed,13,1989,Syndication,7.1,1989,NA,The Further Adventures of SuperTed
579,Futurama,150,1999-present,"Fox
Comedy Central
Hulu",8.5,1999,NA,Futurama
580,The Future is Wild,26,2007-2008,Discovery Kids,7.6,2007,2008,The Future is Wild
581,Future-Worm!,21,2016-2018,Disney XD,5.3,2016,2018,Future-Worm!
582,G-Force: Guardians of Space,85,1983-1986,TBS,7.4,1983,1986,G-Force: Guardians of Space
583,G.I. Joe: A Real American Hero (1983),95,1983-1986,Syndication,8,1983,1986,G.I. Joe: A Real American Hero
584,G.I. Joe: A Real American Hero (1989),44,1989-1992,Syndication,7.2,1989,1992,G.I. Joe: A Real American Hero
585,G.I. Joe Extreme,26,1995-1996,Syndication,5.2,1995,1996,G.I. Joe Extreme
586,G.I. Joe: Renegades,26,2010-2011,The Hub,7.1,2010,2011,G.I. Joe: Renegades
587,G.I. Joe: Resolute,11,2009,Adult Swim,7.5,2009,NA,G.I. Joe: Resolute
588,G.I. Joe: Sigma 6,26,2005-2006,4Kids TV,4.7,2005,2006,G.I. Joe: Sigma 6
589,Gabby's Dollhouse,57,2021-present,Netflix,7.3,2021,NA,Gabby's Dollhouse
590,Gadget & the Gadgetinis,52,2002-2003,Fox Kids,5.1,2002,2003,Gadget & the Gadgetinis
591,Gadget Boy & Heather,52,1995-1998,Syndication,6.7,1995,1998,Gadget Boy & Heather
592,Galaxy High School,13,1986,CBS,7.4,1986,NA,Galaxy High School
593,Galtar and the Golden Lance,21,1985-1986,Syndication,7.1,1985,1986,Galtar and the Golden Lance
594,Game Over,5,2001,UPN,4.5,2001,NA,Game Over
595,Gargoyles,78,1994-1997,Syndication,8,1994,1997,Gargoyles
596,Garfield and Friends,121,1988-1994,CBS,7.2,1988,1994,Garfield and Friends
597,The Garfield Show,107,2009-2016,Cartoon NetworkBoomerang,5.5,2009,2016,The Garfield Show
598,Gary and His Demons,26,2018-present,VRVAmazon Prime Video,8,2018,NA,Gary and His Demons
599,Gary & Mike,13,2001,UPN,7.4,2001,NA,Gary & Mike
600,The Gary Coleman Show,26,1982,NBC,6.2,1982,NA,The Gary Coleman Show
601,Gary the Rat,26,2003,Spike TV,6.5,2003,NA,Gary the Rat
602,Gemusetto,20,2019-2020,Adult Swim,6.6,2019,2020,Gemusetto
603,Gen:Lock,16,2019-2021,Rooster TeethHBO Max,7.2,2019,2021,Gen:Lock
604,Generation Jets,13,2003-2004,WCBS-TV,7,2003,2004,Generation Jets
605,Generation O!,13,2000-2001,Kids' WB,6.6,2000,2001,Generation O!
606,Generator Rex,60,2010-2013,Cartoon Network,7.6,2010,2013,Generator Rex
607,Genesis,3,2023,YouTube,6.8,2023,NA,Genesis
608,George and Martha,52,1999-2000,HBO Family,7,1999,2000,George and Martha
609,George of the Jungle,17,1967,ABC,5.5,1967,NA,George of the Jungle
610,George of the Jungle (2007),52,2007-2017,Cartoon Network,4.3,2007,2017,George of the Jungle
611,Gerald McBoing-Boing,52,2005-2007,Cartoon Network,7.1,2005,2007,Gerald McBoing-Boing
612,Geronimo Stilton,52,2009-2012,Kabillion,7.4,2009,2012,Geronimo Stilton
613,The Get Along Gang,13,1984,CBS,7.1,1984,NA,The Get Along Gang
614,Get Blake!,26,2016,Nicktoons,5.6,2016,NA,Get Blake!
615,Get Ed,26,2005-2006,Jetix,6.6,2005,2006,Get Ed
616,The Ghost and Molly McGee,41,2021-2024,Disney Channel,7.5,2021,2024,The Ghost and Molly McGee
617,Gilligan's Planet,13,1982,CBS,6,1982,NA,Gilligan's Planet
618,Ginger Snaps,9,2017,ABCd,6.8,2017,NA,Ginger Snaps
619,"Glenn Martin, DDS",40,2009-2011,Nick at Nite,4.4,2009,2011,"Glenn Martin, DDS"
620,Glitch Techs,19,2020,Netflix,7.7,2020,NA,Glitch Techs
621,The Glo Friends,26,1986-1987,Syndication,6.6,1986,1987,The Glo Friends
622,"Go Away, Unicorn!",52,2018-2019,Disney Channel,5.4,2018,2019,"Go Away, Unicorn!"
623,"Go, Baby!",10,2004,Playhouse Disney,7.3,2004,NA,"Go, Baby!"
624,"Go, Diego, Go!",80,2005-2011,Nickelodeon,4.3,2005,2011,"Go, Diego, Go!"
625,"Go, Dog. Go!",26,2021-present,Netflix,7.3,2021,NA,"Go, Dog. Go!"
626,Go Go Gophers,48,1968-1969,CBS,7.3,1968,1969,Go Go Gophers
627,Goober and the Ghost Chasers,16,1973,ABC,6.2,1973,NA,Goober and the Ghost Chasers
628,"God, the Devil and Bob",13,"2000, 2011",NBCAdult Swim,7.5,2000,NA,"God, the Devil and Bob"
630,Godzilla,26,1978-1979,NBC,6.2,1978,1979,Godzilla
631,Godzilla: The Series,40,1998-1999,Fox Kids,6.8,1998,1999,Godzilla: The Series
632,Golan the Insatiable,12,2013-2015,Fox,6.6,2013,2015,Golan the Insatiable
633,Goldie & Bear,107,2015-2018,Disney Junior,6.2,2015,2018,Goldie & Bear
634,Goldie Gold and Action Jack,13,1981,ABC,7.6,1981,NA,Goldie Gold and Action Jack
635,"Good Morning, Mickey!",80,1983-1992,The Disney Channel,7.2,1983,1992,"Good Morning, Mickey!"
636,Good Morning Today,20,2013-2014,Fusion TV,6.4,2013,2014,Good Morning Today
637,Good Vibes,13,2011,MTV,7.4,2011,NA,Good Vibes
638,The Goode Family,13,2009,ABC,6.4,2009,NA,The Goode Family
639,Goof Troop,78,1992,Syndication,6.8,1992,NA,Goof Troop
640,Gotham Girls,30,2000-2002,warnerbros.com,7.2,2000,2002,Gotham Girls
641,Gravedale High,13,1990,NBC,6.5,1990,NA,Gravedale High
642,Gravity Falls,40,2012-2016,Disney Channel (2012-14)Disney XD (2014-16),8.9,2012,2016,Gravity Falls
643,The Great Grape Ape Show,16,1975,ABC,6.9,1975,NA,The Great Grape Ape Show
644,The Great North,55,2021-present,Fox,6.8,2021,NA,The Great North
645,Greatest Party Story Ever,20,2016,MTV,7.9,2016,NA,Greatest Party Story Ever
646,Green Eggs and Ham,23,2019-2022,Netflix,8.1,2019,2022,Green Eggs and Ham
647,Green Lantern: The Animated Series,26,2011-2013,Cartoon Network,8,2011,2013,Green Lantern: The Animated Series
648,Gremlins: Secrets of the Mogwai,10,2023-present,Max,7.1,2023,NA,Gremlins: Secrets of the Mogwai
649,The Grim Adventures of Billy & Mandy,84,2003-2007,Cartoon Network,7.7,2003,2007,The Grim Adventures of Billy & Mandy
650,Grim & Evil,27,2001-2004,Cartoon Network,7.7,2001,2004,Grim & Evil
651,Grimsburg,1,2024-present,Fox,5.6,2024,NA,Grimsburg
652,Growing Up Creepie,26,2006-2008,Discovery Kids,7.1,2006,2008,Growing Up Creepie
653,The Guardians of Justice,9,2022,Netflix,5.1,2022,NA,The Guardians of Justice
654,Guardians of the Galaxy,79,2015-2019,Disney XD,7.3,2015,2019,Guardians of the Galaxy
655,The Gumby Show,43,1956,NBC,7,1956,NA,The Gumby Show
656,Hailey's On It!,15,2023-present,Disney Channel,7.2,2023,NA,Hailey's On It!
657,Hamster & Gretel,19,2022-present,Disney Channel,6.8,2022,NA,Hamster & Gretel
658,Hanazuki: Full of Treasures,35,2017-2019,YouTubeDiscovery Family,8,2017,2019,Hanazuki: Full of Treasures
659,The Hanna-Barbera New Cartoon Series,52,1962-1963,Syndication,7.6,1962,1963,The Hanna-Barbera New Cartoon Series
660,Hanna-Barbera's World of Super Adventure,129,1978-1984,Syndication,8.4,1978,1984,Hanna-Barbera's World of Super Adventure
661,Happily Ever After: Fairy Tales for Every Child,39,1995-2000,HBO,6.8,1995,2000,Happily Ever After: Fairy Tales for Every Child
663,Harlem Globetrotters,22,1970-1971,CBS,6.2,1970,1971,Harlem Globetrotters
664,HarmonQuest,30,2016-2019,SeesoVRV,8.3,2016,2019,HarmonQuest
665,Harriet the Spy,20,2021-present,Apple TV+,5.9,2021,NA,Harriet the Spy
666,Harley Quinn,47,2019-present,DC UniverseMax,8.4,2019,NA,Harley Quinn
667,Harold and the Purple Crayon,13,2001-2002,HBO Family,7.9,2001,2002,Harold and the Purple Crayon
668,The Harper House,10,2021,Paramount+,5.3,2021,NA,The Harper House
669,"Harvey Birdman, Attorney at Law",39,2000-2007,Adult Swim,8,2000,2007,"Harvey Birdman, Attorney at Law"
670,Harvey Girls Forever!,52,2018-2020,Netflix,6.9,2018,2020,Harvey Girls Forever!
671,The Harveytoons Show,78,1950-1964,Syndication,6.1,1950,1964,The Harveytoons Show
672,Have a Laugh!,60,2009-2012,Disney Channel,4.1,2009,2012,Have a Laugh!
673,Hazbin Hotel,8,2024-present,Amazon Prime Video,7.8,2024,NA,Hazbin Hotel
674,HBO Storybook Musicals,18,1987-1993,HBO,8.5,1987,1993,HBO Storybook Musicals
676,He-Man and the Masters of the Universe (1983),130,2002-2004,Syndication,7.5,2002,2004,He-Man and the Masters of the Universe
677,He-Man and the Masters of the Universe (2021),26,2021-2022,Netflix,6.9,2021,2022,He-Man and the Masters of the Universe
678,The Head,14,1994,MTV,7,1994,NA,The Head
679,Headspace Guide to Meditation,8,2021,Netflix,8.4,2021,NA,Headspace Guide to Meditation
680,Headspace Guide to Sleep,7,2021,Netflix,6.8,2021,NA,Headspace Guide to Sleep
681,Heathcliff (1980),26,1980-1981,ABC,6.5,1980,1981,Heathcliff
682,Heathcliff (1984),86,1984-1985,Syndication,6.6,1984,1985,Heathcliff
683,Hell Den,12,2019-2020,DrinkTVSyfy,5.5,2019,2020,Hell Den
684,Helluva Boss,15,2020-present,YouTube,8.2,2020,NA,Helluva Boss
685,Help!... It's the Hair Bear Bunch!,20,1976-1977,CBS,6.3,1976,1977,Help!... It's the Hair Bear Bunch!
686,Henry Hugglemonster,49,2013-2015,Disney Junior,5.3,2013,2015,Henry Hugglemonster
687,Hercules,65,1998-1999,ABC,6.6,1998,1999,Hercules
688,The Herculoids,18,1967-1968,CBS,7.4,1967,1968,The Herculoids
689,Here Comes the Grump,17,1969-1970,NBC,7.4,1969,1970,Here Comes the Grump
690,Hermie and Friends,16,2002-2010,Direct to video,7,2002,2010,Hermie and Friends
691,Hero High,26,1981-1982,NBC,6.9,1981,1982,Hero High
692,Hey Arnold!,100,1996-2004,Nickelodeon,7.6,1996,2004,Hey Arnold!
693,"Heyyy, It's the King!",13,1977,NBC,6,1977,NA,"Heyyy, It's the King!"
694,Hey Joel,13,2003,VH1,5.7,2003,NA,Hey Joel
695,Hey Monie!,25,2003,BET,8.1,2003,NA,Hey Monie!
696,Hi Hi Puffy AmiYumi,39,2004-2006,Cartoon Network,6.3,2004,2006,Hi Hi Puffy AmiYumi
697,Higglytown Heroes,65,2004-2008,Playhouse Disney,4.9,2004,2008,Higglytown Heroes
698,The High Fructose Adventures of Annoying Orange,60,2012-2014,Cartoon Network,1.9,2012,2014,The High Fructose Adventures of Annoying Orange
699,High Guardian Spice,12,2021,Crunchyroll,1.5,2021,NA,High Guardian Spice
700,The Hillbilly Bears,26,1965-1967,NBC,6.7,1965,1967,The Hillbilly Bears
701,Histeria!,52,1998-2000,Kids' WB,7.7,1998,2000,Histeria!
702,Hit-Monkey,10,2021,Hulu,7.8,2021,NA,Hit-Monkey
703,HobbyKids Adventures,27,2019-2020,YouTube,3.3,2019,2020,HobbyKids Adventures
704,Hokey Wolf,28,1960-1961,Syndication,6.4,1960,1961,Hokey Wolf
705,Holly Hobbie & Friends,8,2006-2009,Nickelodeon,7.6,2006,2009,Holly Hobbie & Friends
706,Home: Adventures with Tip & Oh,52,2016-2018,Netflix,6.2,2016,2018,Home: Adventures with Tip & Oh
707,Home Movies,52,1999-2004,UPNAdult Swim,8.2,1999,2004,Home Movies
708,Hoops,10,2020,Netflix,6,2020,NA,Hoops
709,Hong Kong Phooey,16,1974,ABC,6.9,1974,NA,Hong Kong Phooey
710,Hopeless Pictures,9,2005,IFC,7.1,2005,NA,Hopeless Pictures
711,Hoppity Hooper,104,1964-1967,ABC,7.8,1964,1967,Hoppity Hooper
712,Horseland,45,2006-2008,CBS,6,2006,2008,Horseland
713,Hot Streets,20,2018-2019,Adult Swim,5.9,2018,2019,Hot Streets
714,Hot Wheels,17,1969-1971,ABC,7.4,1969,1971,Hot Wheels
715,Hot Wheels Let's Race,10,2024,Netflix,7.5,2024,NA,Hot Wheels Let's Race
716,The Houndcats,13,1972,NBC,7,1972,NA,The Houndcats
717,House of Cosbys,4,2005,Channel 101,7.3,2005,NA,House of Cosbys
718,House of Mouse,52,2001-2003,"ABC
Toon Disney",7.5,2001,2003,House of Mouse
719,HouseBroken,26,2021-present,Fox,6.4,2021,NA,HouseBroken
720,How to Stay at Home,3,2021,Disney+,6.7,2021,NA,How to Stay at Home
721,The Huckleberry Hound Show,57,1958-1961,Syndication,6.6,1958,1961,The Huckleberry Hound Show
722,Hulk Hogan's Rock 'n' Wrestling,26,1985-1986,CBS,6.1,1985,1986,Hulk Hogan's Rock 'n' Wrestling
723,Human Discoveries,10,2019,Facebook Watch,7,2019,NA,Human Discoveries
724,Human Kind Of,21,2018,Facebook Watch,7.3,2018,NA,Human Kind Of
725,Human Resources,20,2022-2023,Netflix,7.1,2022,2023,Human Resources
726,Hammerman,13,1991-1992,ABC,3.9,1991,1992,Hammerman
727,Handy Manny,113,2006-2013,Playhouse Disney,5.6,2006,2013,Handy Manny
728,Happy Monster Band,20,2007-2008,Playhouse Disney,7.5,2007,2008,Happy Monster Band
730,Happy Tree Friends,13,2006,G4,7,2006,NA,Happy Tree Friends
731,Harvey Beaks,52,2015-2017,Nickelodeon,7.1,2015,2017,Harvey Beaks
732,He-Man and the Masters of the Universe (2002),39,2002-2004,Cartoon Network,7.5,2002,2004,He-Man and the Masters of the Universe
733,Hello Kitty's Furry Tale Theater,13,1987,CBS,6.6,1987,NA,Hello Kitty's Furry Tale Theater
734,Hero Elementary,40,2020-2022,PBS Kids,7.5,2020,2022,Hero Elementary
735,Hero Factory,11,2010-2014,Nicktoons,5.3,2010,2014,Hero Factory
736,Hero: 108,52,2010-2012,Cartoon Network,5.8,2010,2012,Hero: 108
737,High School USA!,12,2013-2015,Fox,6.3,2013,2015,High School USA!
738,Hilda,39,2018-2023,Netflix,8.6,2018,2023,Hilda
739,The Hot Rod Dogs and Cool Car Cats,7,1995-1996,CITV,7.8,1995,1996,The Hot Rod Dogs and Cool Car Cats
740,Hot Wheels Battle Force 5,52,2009-2011,Cartoon Network,5.8,2009,2011,Hot Wheels Battle Force 5
741,Hotel Transylvania: The Series,26,2017-2020,Disney Channel,5.6,2017,2020,Hotel Transylvania: The Series
742,I Am Groot,5,2022-present,Disney+,6.7,2022,NA,I Am Groot
743,I Am the Greatest: The Adventures of Muhammad Ali,13,1977,NBC,6.6,1977,NA,I Am the Greatest: The Adventures of Muhammad Ali
744,I Am Weasel,79,1997-2000,Cartoon Network,6.5,1997,2000,I Am Weasel
745,I Got a Rocket,26,2006-2007,Kabillion,6.4,2006,2007,I Got a Rocket
746,I Heart Arlo,19,2021,Netflix,7,2021,NA,I Heart Arlo
747,I Spy,52,2002-2003,HBO Family,5.4,2002,2003,I Spy
748,Ice Age: Scrat Tales,6,2022,Disney+,7.3,2022,NA,Ice Age: Scrat Tales
749,Iconicles,26,2011,Discovery Familia,8.8,2011,NA,Iconicles
750,If You Give a Mouse a Cookie,50,2017-2021,Amazon Prime Video,6.7,2017,2021,If You Give a Mouse a Cookie
751,Iggy Arbuckle,26,2007,Animalia HD,4.9,2007,NA,Iggy Arbuckle
752,Imaginary Mary,9,2017,ABC,5.5,2017,NA,Imaginary Mary
753,The Impossibles,18,1966-1967,CBS,7.5,1966,1967,The Impossibles
754,In the Bleachers,28,2002,ESPN,5.4,2002,NA,In the Bleachers
755,In the Know,6,2024-present,Peacock,6.8,2024,NA,In the Know
756,"Inch High, Private Eye",13,1973,NBC,6.4,1973,NA,"Inch High, Private Eye"
758,The Incredible Hulk (1982),13,1982-1983,NBC,6.7,1982,1983,The Incredible Hulk
759,The Incredible Hulk (1996),21,1996-1997,UPN,6.7,1996,1997,The Incredible Hulk
760,Infinity Train,40,2019-2021,Cartoon Network (2019)HBO Max (2020-2022),8.4,2019,2021,Infinity Train
761,The Ink and Paint Club,60,1997-1998,The Disney Channel,8.5,1997,1998,The Ink and Paint Club
762,Inhumanoids,13,1986,Syndication,7.3,1986,NA,Inhumanoids
763,Inside Job,18,2021-2022,Netflix,8.2,2021,2022,Inside Job
764,Inspector Gadget,86,1983-1986,Syndication,6.8,1983,1986,Inspector Gadget
765,Inspector Gadget's Field Trip,22,1996-1998,The History Channel,8.1,1996,1998,Inspector Gadget's Field Trip
766,Interrupting Chicken,9,2022-present,Apple TV+,6.7,2022,NA,Interrupting Chicken
767,Invader Zim,27,2001-2006,Nickelodeon,8.4,2001,2006,Invader Zim
768,Invasion America,13,1998,The WB,7.5,1998,NA,Invasion America
769,Invincible,9,2021-present,Amazon Prime Video,8.7,2021,NA,Invincible
770,Iron Man,26,1994-1996,Syndication,7.9,1994,1996,Iron Man
771,Iron Man: Armored Adventures,52,2009-2012,Nicktoons,6.5,2009,2012,Iron Man: Armored Adventures
772,It's a Small World: The Animated Series,9,2013-2014,Disney.com,6.7,2013,2014,It's a Small World: The Animated Series
773,It's Pony,46,2020-2022,Nickelodeon,6.3,2020,2022,It's Pony
774,It's Punky Brewster,26,1985-1986,NBC,6.3,1985,1986,It's Punky Brewster
775,The Itsy Bitsy Spider,26,1993-1996,USA Network,7.1,1993,1996,The Itsy Bitsy Spider
776,Jabberjaw,16,1976,ABC,5.9,1976,NA,Jabberjaw
777,Jackie Chan Adventures,95,2000-2005,Kids' WB,7.4,2000,2005,Jackie Chan Adventures
778,The Jackson 5ive,23,1971-1972,ABC,6.6,1971,1972,The Jackson 5ive
779,Jake and the Never Land Pirates,116,2011-2016,Disney Junior,5.7,2011,2016,Jake and the Never Land Pirates
780,Jakers! The Adventures of Piggley Winks,52,2003-2007,PBS Kids,6.8,2003,2007,Jakers! The Adventures of Piggley Winks
781,James Bond Jr.,65,1991-1992,Syndication,6,1991,1992,James Bond Jr.
782,Jana of the Jungle,13,1978,NBC,7.4,1978,NA,Jana of the Jungle
783,Jay Jay the Jet Plane,62,1998-2005,TLCPBS Kids,3.7,1998,2005,Jay Jay the Jet Plane
784,Jeannie,16,1973,CBS,5.9,1973,NA,Jeannie
785,Jeff & Some Aliens,10,2017,Comedy Central,8,2017,NA,Jeff & Some Aliens
786,The Jellies!,20,2017-2019,Adult Swim,6.3,2017,2019,The Jellies!
787,"Jelly, Ben, & Pogo",23,2021-2022,PBS Kids,9.3,2021,2022,"Jelly, Ben, & Pogo"
788,Jellystone!,40,2021-present,HBO Max,6.4,2021,NA,Jellystone!
789,Jem,65,1985-1988,Syndication,7.4,1985,1988,Jem
790,Jessy and Nessy,20,2020-2021,Amazon Prime Video,8.6,2020,2021,Jessy and Nessy
791,Jessica's Big Little World,10,2023-present,Cartoonito,7.5,2023,NA,Jessica's Big Little World
792,The Jetsons,75,"1962-1963, 1985-1987",ABCSyndication,7,1962,1963,The Jetsons
793,Jim and Judy in Teleland,52,1949-1950,Syndication,3.2,1949,1950,Jim and Judy in Teleland
795,JJ Villard's Fairy Tales,6,2020,Adult Swim,5.8,2020,NA,JJ Villard's Fairy Tales
796,Johnny Bravo,65,1997-2004,Cartoon Network,7.2,1997,2004,Johnny Bravo
797,Johnny Cypher in Dimension Zero,131,1967-1968,Syndication,6.4,1967,1968,Johnny Cypher in Dimension Zero
798,Johnny Test,117,2005-2014,The WB (Kids' WB) (2005-2008)Cartoon Network (2009-2014),5.2,2005,2014,Johnny Test
799,JoJo's Circus,63,2003-2007,Playhouse Disney,5.1,2003,2007,JoJo's Circus
800,Jokebook,3,1982,NBC,6.4,1982,NA,Jokebook
801,Jonny Quest,26,1964-1965,ABC,7.8,1964,1965,Jonny Quest
802,Josie and the Pussycats,32,1970-1972,CBS,6.2,1970,1972,Josie and the Pussycats
803,JOT,30,1965-1974,Syndication,7.3,1965,1974,JOT
804,Julius Jr.,52,2013-2015,Nick Jr.,5.9,2013,2015,Julius Jr.
805,Jumanji,40,1996-1999,UPNSyndication,6.3,1996,1999,Jumanji
806,Jungle Cubs,21,1996-1998,ABC,6.1,1996,1998,Jungle Cubs
807,Jungle Junction,47,2009-2012,Playhouse Disney,5.5,2009,2012,Jungle Junction
808,Jurassic World Camp Cretaceous,49,2020-2022,Netflix,7.5,2020,2022,Jurassic World Camp Cretaceous
809,Justice League,52,2001-2004,Cartoon Network,8.6,2001,2004,Justice League
810,Justice League Action,52,2016-2018,Cartoon Network,7.5,2016,2018,Justice League Action
811,Justice League Unlimited,39,2004-2006,Cartoon Network,8.7,2004,2006,Justice League Unlimited
812,Justice League: Gods and Monsters Chronicles,3,2015,Machinima,7.5,2015,NA,Justice League: Gods and Monsters Chronicles
813,KaBlam!,48,1996-2000,Nickelodeon,7.8,1996,2000,KaBlam!
814,Kaijudo,52,2012-2013,The Hub Network,6.6,2012,2013,Kaijudo
815,Kamp Koral: SpongeBob's Under Years,26,2021-present,Paramount+,3.6,2021,NA,Kamp Koral: SpongeBob's Under Years
816,Kappa Mikey,52,2006-2008,Nicktoons Network,6.6,2006,2008,Kappa Mikey
817,The Karate Kid,13,1989,NBC,4.8,1989,NA,The Karate Kid
818,Karate Kommandos,5,1986,Syndication,5.6,1986,NA,Karate Kommandos
819,Karma's World,40,2021-2022,Netflix,6.9,2021,2022,Karma's World
820,Kenny the Shark,26,2003-2005,Discovery Kids,6.7,2003,2005,Kenny the Shark
821,Kick Buttowski: Suburban Daredevil,54,2010-2012,Disney XD,6.7,2010,2012,Kick Buttowski: Suburban Daredevil
822,Kid Cosmic,24,2021-2022,Netflix,7.9,2021,2022,Kid Cosmic
823,Kid Notorious,13,2003,Comedy Central,7.7,2003,NA,Kid Notorious
824,Kid 'n Play,13,1990,NBC,5.8,1990,NA,Kid 'n Play
825,The Kid Super Power Hour with Shazam!,36,1981-1982,NBC,6.3,1981,1982,The Kid Super Power Hour with Shazam!
827,The Kids from Room 402,52,2000-2001,Fox Family,8.2,2000,2001,The Kids from Room 402
828,Kinderwood,30,2020-2021,Noggin,8.2,2020,2021,Kinderwood
829,Kizazi Moto: Generation Fire,10,2023,Disney+,6.9,2023,NA,Kizazi Moto: Generation Fire
830,Kiff,19,2023-present,Disney Channel,7.5,2023,NA,Kiff
831,Kim Possible,92,2002-2007,Disney Channel,7.2,2002,2007,Kim Possible
832,King Arthur and the Knights of Justice,26,1992-1993,Syndication,7.1,1992,1993,King Arthur and the Knights of Justice
833,The King Kong Show,25,1966-1969,ABC,6.5,1966,1969,The King Kong Show
834,King Leonardo and His Short Subjects,102,1960-1963,NBC,7.3,1960,1963,King Leonardo and His Short Subjects
835,King of the Hill,259,1997-present,Fox,7.5,1997,NA,King of the Hill
836,King Star King,6,2014,Adult Swim,5.6,2014,NA,King Star King
837,Kings of Atlantis,13,2017,YouTube Premium,6.5,2017,NA,Kings of Atlantis
838,Kipo and the Age of Wonderbeasts,30,2020,Netflix,8.3,2020,NA,Kipo and the Age of Wonderbeasts
839,Kissyfur,26,1986-1988,NBC,7.5,1986,1988,Kissyfur
840,Kitti Katz,10,2023-present,Netflix,6.7,2023,NA,Kitti Katz
841,Kiya & the Kimoja Heroes,18,2023-present,Disney Junior,6.7,2023,NA,Kiya & the Kimoja Heroes
842,Klondike Kat,26,1966-1967,CBS,5.8,1966,1967,Klondike Kat
843,Klutter!,8,1995-1996,Fox Kids,7.1,1995,1996,Klutter!
844,Koala Man,8,2023,Hulu,6.8,2023,NA,Koala Man
845,Kong: King of the Apes,23,2016-2018,Netflix,5.8,2016,2018,Kong: King of the Apes
846,Krapopolis,13,2023-present,Fox,6.2,2023,NA,Krapopolis
847,Krypto the Superdog,39,2005-2006,Cartoon Network,5.6,2005,2006,Krypto the Superdog
848,Kulipari,23,2016-present,NetflixHulu,6.8,2016,NA,Kulipari
849,Kung Fu Panda: The Dragon Knight,23,2022-2023,Netflix,6.1,2022,2023,Kung Fu Panda: The Dragon Knight
850,Kung Fu Panda: Legends of Awesomeness,80,2011-2016,Nickelodeon,7,2011,2016,Kung Fu Panda: Legends of Awesomeness
851,Kung Fu Panda: The Paws of Destiny,26,2018-2019,Amazon Prime Video,7.3,2018,2019,Kung Fu Panda: The Paws of Destiny
852,Kuu Kuu Harajuku,78,2015-2019,Nickelodeon,3.6,2015,2019,Kuu Kuu Harajuku
853,The Kwicky Koala Show,16,1981,CBS,6.5,1981,NA,The Kwicky Koala Show
854,Lady Lovely Locks,20,1987,Syndication,7.8,1987,NA,Lady Lovely Locks
855,Laff-A-Lympics,24,1977-1978,ABC,7.4,1977,1978,Laff-A-Lympics
856,Lalaloopsy,52,2013-2015,Nick Jr.,4.5,2013,2015,Lalaloopsy
857,The Land Before Time,26,2007-2008,Cartoon Network,6.4,2007,2008,The Land Before Time
858,Larryboy: The Cartoon Adventures,4,2002-2003,Direct to video,6.7,2002,2003,Larryboy: The Cartoon Adventures
859,Lassie,52,2014-2019,Paramount+,7.4,2014,2019,Lassie
860,Lassie's Rescue Rangers,16,1972-1973,ABC,6.6,1972,1973,Lassie's Rescue Rangers
861,The Last Kids on Earth,21,2019-2021,Netflix,7.2,2019,2021,The Last Kids on Earth
862,Laurel and Hardy,156,1966-1967,NBC,6.7,1966,1967,Laurel and Hardy
863,Laverne & Shirley,21,1981-1982,ABC,7,1981,1982,Laverne & Shirley
864,Lazer Tag Academy,13,1986,NBC,6.5,1986,NA,Lazer Tag Academy
865,Lazor Wulf,10,2019-2021,Adult Swim,5.4,2019,2021,Lazor Wulf
866,Leader Dog,13,2004,Nicktoons,7.5,2004,NA,Leader Dog
867,The Legend of Calamity Jane,13,1997-1998,Kids' WB,7.2,1997,1998,The Legend of Calamity Jane
868,The Legend of Korra,52,2012-2014,Nickelodeon,8.3,2012,2014,The Legend of Korra
869,The Legend of Prince Valiant,65,1991-1993,Kids' WB,7.4,1991,1993,The Legend of Prince Valiant
870,The Legend of Tarzan,39,2001-2003,UPN,6.2,2001,2003,The Legend of Tarzan
871,Legend of the Three Caballeros,13,2018,Disney Channel,7.7,2018,NA,Legend of the Three Caballeros
872,The Legend of Vox Machina,24,2022-present,Amazon Prime Video,8.4,2022,NA,The Legend of Vox Machina
873,Legends of Chamberlain Heights,20,2016-2017,Comedy Central,4.9,2016,2017,Legends of Chamberlain Heights
874,Legion of Super Heroes,26,2005-2006,Kids' WB,7.1,2005,2006,Legion of Super Heroes
875,Lego Bionicle: The Journey to One,4,2016,Netflix,5.4,2016,NA,Lego Bionicle: The Journey to One
876,Lego City Adventures,65,2019-2022,NickelodeonNetflixYouTube,6.8,2019,2022,Lego City Adventures
877,Lego Elves: Secrets of Elvendale,8,2017,Netflix,6.5,2017,NA,Lego Elves: Secrets of Elvendale
878,Lego Friends: The Power of Friendship,4,2016,Netflix,7,2016,NA,Lego Friends: The Power of Friendship
879,Lego Jurassic World: Legend of Isla Nublar,13,2019,Nickelodeon,6.8,2019,NA,Lego Jurassic World: Legend of Isla Nublar
880,Lego Star Wars: Droid Tales,5,2015,Disney XD,7.4,2015,NA,Lego Star Wars: Droid Tales
881,Lego Star Wars: The Freemaker Adventures,26,2016-2017,Disney XD,7.3,2016,2017,Lego Star Wars: The Freemaker Adventures
882,Lego Star Wars: The Resistance Rises,5,2016,Disney XD,6.2,2016,NA,Lego Star Wars: The Resistance Rises
883,Let's Go Luna!,64,2018-2022,PBS Kids,7.7,2018,2022,Let's Go Luna!
884,The Liberator,4,2020,Netflix,7.6,2020,NA,The Liberator
885,Liberty's Kids,40,2002-2003,PBS Kids,7.9,2002,2003,Liberty's Kids
886,The Life and Times of Juniper Lee,40,2005-2007,Cartoon Network,6.6,2005,2007,The Life and Times of Juniper Lee
887,The Life & Times of Tim,30,2008-2012,HBO,8.3,2008,2012,The Life & Times of Tim
888,Life with Louie,39,1995-1998,Fox Kids,8.3,1995,1998,Life with Louie
889,"Like, Share, Die",16,2015,Fusion TV,5.7,2015,NA,"Like, Share, Die"
890,Lilo & Stitch: The Series,67,2003-2006,Disney Channel,6.8,2003,2006,Lilo & Stitch: The Series
891,Lil' Bush,17,2007-2008,Comedy Central,5.1,2007,2008,Lil' Bush
892,Linus the Lionhearted,39,1964-1969,CBSABC,6.9,1964,1969,Linus the Lionhearted
893,The Lion Guard,74,2015-2019,Disney Junior,6.4,2015,2019,The Lion Guard
894,Lippy the Lion and Hardy Har Har,52,1962-1963,Syndication,6.4,1962,1963,Lippy the Lion and Hardy Har Har
895,Liquid Television,27,1991-1995,MTV,8,1991,1995,Liquid Television
896,Little Big Awesome,13,2018,Amazon Prime Video,7,2018,NA,Little Big Awesome
897,Little Bill,52,1999-2004,Nickelodeon,6.3,1999,2004,Little Bill
898,The Little Clowns of Happytown,18,1987-1988,ABC,5.1,1987,1988,The Little Clowns of Happytown
899,A Little Curious,43,1999-2000,HBO,7.3,1999,2000,A Little Curious
900,Little Demon,10,2022,FXX,7,2022,NA,Little Demon
901,Little Dracula,10,1991-1999,Fox Kids,6.2,1991,1999,Little Dracula
902,Little Einsteins,67,2005-2009,Playhouse Disney,6.3,2005,2009,Little Einsteins
903,Little Ellen,20,2021-2022,Cartoonito,1.9,2021,2022,Little Ellen
904,The Little Lulu Show,52,1995-1999,HBO,7.2,1995,1999,The Little Lulu Show
905,The Little Mermaid,31,1992-1994,CBS,6.7,1992,1994,The Little Mermaid
906,Little Mouse on the Prairie,26,1996,Fox Kids,6.9,1996,NA,Little Mouse on the Prairie
907,Little Muppet Monsters,13,1985,CBS,7.5,1985,NA,Little Muppet Monsters
908,Little People,52,2016-2018,Sprout,6.8,2016,2018,Little People
909,The Little Rascals,22,1982-1983,ABC,5.7,1982,1983,The Little Rascals
910,Little Rosey,18,1990-1991,ABC,5.7,1990,1991,Little Rosey
911,Little Shop,13,1991,Fox Kids,4.1,1991,NA,Little Shop
912,Little Wizards,13,1987-1988,ABC,7.1,1987,1988,Little Wizards
913,The Littles,29,1983-1985,ABC,6.5,1983,1985,The Littles
914,Littlest Pet Shop (1995),40,1995,Syndication,6.5,1995,NA,Littlest Pet Shop
915,Littlest Pet Shop (2012),104,2012-2016,The Hub Network / Discovery Family,6.3,2012,2016,Littlest Pet Shop
916,Littlest Pet Shop: A World of Our Own,52,2018-2019,Discovery Family,7,2018,2019,Littlest Pet Shop: A World of Our Own
917,Liverspots and Astronots,21,2018,Facebook Watch,5.9,2018,NA,Liverspots and Astronots
918,Llama Llama,25,2018-2019,Netflix,6.4,2018,2019,Llama Llama
919,Lloyd in Space,39,2001-2004,ABCToon Disney,6.6,2001,2004,Lloyd in Space
920,Loafy,8,2020,Comedy Central,6.9,2020,NA,Loafy
921,The Lone Ranger,26,1966-1969,CBS,7.2,1966,1969,The Lone Ranger
922,Long Ago and Far Away,35,1989-1992,PBS,8.7,1989,1992,Long Ago and Far Away
923,Long Live the Royals,4,2015,Cartoon Network,6.8,2015,NA,Long Live the Royals
924,Loonatics Unleashed,26,2006-2008,Kids' WB,5.7,2006,2008,Loonatics Unleashed
925,Looney Tunes Cartoons,72,2020-2023,HBO Max,8,2020,2023,Looney Tunes Cartoons
926,The Looney Tunes Show,52,2011-2013,Cartoon Network,7.7,2011,2013,The Looney Tunes Show
927,Lost Ollie,4,2022,Netflix,7.7,2022,NA,Lost Ollie
928,Lost in Oz,26,2015-2018,Amazon Prime Video,7.5,2015,2018,Lost in Oz
929,The Loud House,245,2016-present,Nickelodeon,7,2016,NA,The Loud House
930,"Love, Death & Robots",36,2019-present,Netflix,8.4,2019,NA,"Love, Death & Robots"
931,Lucas Bros. Moving Co.,17,2013-2015,FoxFXX,7.1,2013,2015,Lucas Bros. Moving Co.
932,Lucky Luke,21,1981-1982,Syndication,7.2,1981,1982,Lucky Luke
933,"Lucy, the Daughter of the Devil",11,2007,Adult Swim,7.6,2007,NA,"Lucy, the Daughter of the Devil"
935,Luna Petunia,33,2016-2018,Netflix,6.5,2016,2018,Luna Petunia
936,Lu & the Bally Bunch,30,2023-present,Cartoonito,8.7,2023,NA,Lu & the Bally Bunch
938,Lyla in the Loop,13,2024-present,PBS Kids,8.3,2024,NA,Lyla in the Loop
939,M.O.D.O.K.,10,2021,Hulu,6.4,2021,NA,M.O.D.O.K.
940,Mad,103,2010-2013,Cartoon Network,7.2,2010,2013,Mad
941,Mad Jack the Pirate,20,1998-1999,Fox Kids,8.6,1998,1999,Mad Jack the Pirate
942,Madagascar: A Little Wild,50,2020-2022,Hulu,6.1,2020,2022,Madagascar: A Little Wild
943,Magical Girl Friendship Squad,6,2020,Syfy,3.4,2020,NA,Magical Girl Friendship Squad
944,Magical Girl Friendship Squad: Origins,6,2020,Syfy,2,2020,NA,Magical Girl Friendship Squad: Origins
945,The Magilla Gorilla Show,31,1964-1967,Syndication,6.2,1964,1967,The Magilla Gorilla Show
946,Major Lazer,11,2014-2015,FXX,7.6,2014,2015,Major Lazer
947,Making Fiends,6,2008,Nicktoons,8,2008,NA,Making Fiends
948,Mao Mao: Heroes of Pure Heart,40,2019-2020,Cartoon Network,7.5,2019,2020,Mao Mao: Heroes of Pure Heart
949,Marsupilami,13,1993,CBS,6.1,1993,NA,Marsupilami
950,Marvel Superheroes: What the--?!,108,2009,YouTube,6.8,2009,NA,Marvel Superheroes: What the--?!
951,The Marvel Super Heroes,65,1965-1966,Syndication,7.4,1965,1966,The Marvel Super Heroes
952,The Marvelous Misadventures of Flapjack,46,2008-2010,Cartoon Network,7.8,2008,2010,The Marvelous Misadventures of Flapjack
953,Mary Shelley's Frankenhole,20,2010-2012,Adult Swim,7.1,2010,2012,Mary Shelley's Frankenhole
954,Mary-Kate and Ashley in Action!,26,2001-2002,ABC,3.9,2001,2002,Mary-Kate and Ashley in Action!
955,Maryoku Yummy,26,2010,The Hub,8.2,2010,NA,Maryoku Yummy
956,The Mask: Animated Series,54,1995-1997,CBS,6.9,1995,1997,The Mask: Animated Series
957,Masters of the Universe: Revelation,10,2021,Netflix,5.6,2021,NA,Masters of the Universe: Revelation
958,Matty's Funday Funnies,26,1959-1961,ABC,7.4,1959,1961,Matty's Funday Funnies
959,Maxie's World,32,1987,Syndication,6.7,1987,NA,Maxie's World
960,The Maxx,13,1995,MTV,8.3,1995,NA,The Maxx
961,Maya & Miguel,65,2004-2007,PBS Kids Go!,5.9,2004,2007,Maya & Miguel
962,McGee and Me!,12,1989-1995,Syndication,7,1989,1995,McGee and Me!
963,Me & Mickey,67,2023-present,Disney Junior,5.5,2023,NA,Me & Mickey
964,Meatballs & Spaghetti,25,1982-1983,CBS,6.9,1982,1983,Meatballs & Spaghetti
965,Mech Cadets,10,2023-present,Netflix,6.7,2023,NA,Mech Cadets
966,Megas XLR,26,2004-2005,Cartoon Network,8.2,2004,2005,Megas XLR
967,Megamind Rules!,8,2024,Peacock,2.2,2024,NA,Megamind Rules!
968,Mel-O-Toons,104,1959-1960,Syndication,8.3,1959,1960,Mel-O-Toons
969,Men in Black: The Series,53,1997-2001,Kids' WB,6.8,1997,2001,Men in Black: The Series
970,The Merrie Melodies Show,24,1972,Syndication,8.3,1972,NA,The Merrie Melodies Show
971,Merrie Melodies Starring Bugs Bunny & Friends,65,1990-1994,SyndicationFox Kids,8.3,1990,1994,Merrie Melodies Starring Bugs Bunny & Friends
972,Metalocalypse,61,2006-2013,Adult Swim,8.3,2006,2013,Metalocalypse
973,The Metric Marvels,7,1978-1979,NBC,8.3,1978,1979,The Metric Marvels
974,Mickey Mouse,96,2013-2019,Disney Channel,8.1,2013,2019,Mickey Mouse
975,Mickey Mouse Clubhouse,125,2006-2016,Playhouse Disney (2006-11)Disney Junior (2011-16),5.8,2006,2016,Mickey Mouse Clubhouse
976,Mickey Mouse Funhouse,52,2021-present,Disney Junior,5.5,2021,NA,Mickey Mouse Funhouse
977,Mickey Mouse Mixed-Up Adventures,174,2017-2021,Disney Junior,6,2017,2021,Mickey Mouse Mixed-Up Adventures
978,Mickey Mouse Works,96,1999-2000,ABC,7.1,1999,2000,Mickey Mouse Works
979,Mickey's Mouse Tracks,77,1992-1995,The Disney Channel,8.1,1992,1995,Mickey's Mouse Tracks
980,Middle School Moguls,4,2019,Nickelodeon,8.1,2019,NA,Middle School Moguls
981,Middlemost Post,33,2021-2022,Nickelodeon,6.3,2021,2022,Middlemost Post
982,The Midnight Gospel,8,2020,Netflix,8.2,2020,NA,The Midnight Gospel
983,Mighty Ducks: The Animated Series,26,1996-1997,ABC,6.4,1996,1997,Mighty Ducks: The Animated Series
984,The Mighty Heroes,21,1966-1967,CBS,7.2,1966,1967,The Mighty Heroes
985,Mighty Magiswords,92,2016-2019,Cartoon Network,4.6,2016,2019,Mighty Magiswords
986,Mighty Man and Yukk,32,1980-1981,ABC,5.4,1980,1981,Mighty Man and Yukk
988,Mighty Mouse: The New Adventures,19,1987-1988,CBS,7,1987,1988,Mighty Mouse: The New Adventures
989,The Mighty Ones,40,2020-2022,Hulu,6.7,2020,2022,The Mighty Ones
990,Mike Judge Presents: Tales from the Tour Bus,16,2017-2018,Cinemax,8.6,2017,2018,Mike Judge Presents: Tales from the Tour Bus
991,Mike Tyson Mysteries,70,2014-2020,Adult Swim,8.2,2014,2020,Mike Tyson Mysteries
992,Miles from Tomorrowland,75,2015-2018,Disney Junior,6.5,2015,2018,Miles from Tomorrowland
993,Milo Murphy's Law,40,2016-2019,Disney XD (season 1)Disney Channel (season 2),7.6,2016,2019,Milo Murphy's Law
994,Milton the Monster,26,1965-1968,ABC,7.1,1965,1968,Milton the Monster
995,Mina and the Count,6,1995-1999,Nickelodeon,8,1995,1999,Mina and the Count
996,Minnie's Bow-Toons,89,"2011-2016, 2021-present",Disney Junior,5.6,2011,2016,Minnie's Bow-Toons
997,Minoriteam,19,2006,Adult Swim,4.4,2006,NA,Minoriteam
998,"Mira, Royal Detective",54,2020-2022,Disney Junior,7.4,2020,2022,"Mira, Royal Detective"
999,The Misfortune of Being Ned,20,2013-2014,YouTube,8.7,2013,2014,The Misfortune of Being Ned
1000,Mission Hill,13,1999-2001,The WBAdult Swim,7.8,1999,2001,Mission Hill
1001,Mister Magoo,130,1960-1962,Syndication,6.4,1960,1962,Mister Magoo
1002,Mister T,30,1983-1985,NBC,5.8,1983,1985,Mister T
1003,Misterjaw,34,1976-1977,NBC,7.1,1976,1977,Misterjaw
1004,Mixels,26,2014-2016,Cartoon Network,3.7,2014,2016,Mixels
1005,Moby Dick and Mighty Mightor,18,1967-1968,CBS,6.4,1967,1968,Moby Dick and Mighty Mightor
1006,Momma Named Me Sheriff,19,2019-2021,Adult Swim,6.1,2019,2021,Momma Named Me Sheriff
1007,Monchhichis,13,1983,ABC,6.5,1983,NA,Monchhichis
1009,Mongo Wrestling Alliance,10,2011,Adult Swim,3.8,2011,NA,Mongo Wrestling Alliance
1010,Monsters at Work,10,2021-present,Disney+,7,2021,NA,Monsters at Work
1011,Monsters vs. Aliens,26,2013-2014,Nickelodeon,6.4,2013,2014,Monsters vs. Aliens
1012,Monster Farm,13,1998-1999,Fox Family,6.2,1998,1999,Monster Farm
1013,Monster High,14,2022-present,Nickelodeon,5.1,2022,NA,Monster High
1014,Monster High (web series),175,2010-2018,YouTube,7.6,2010,2018,Monster High (web series)
1015,MoonDreamers,16,1986-1987,Syndication,7.8,1986,1987,MoonDreamers
1016,Moon Girl and Devil Dinosaur,16,2023-present,Disney Channel,7.7,2023,NA,Moon Girl and Devil Dinosaur
1017,Moral Orel,40,2005-2008,Adult Swim,8.1,2005,2008,Moral Orel
1018,Mork & Mindy/Laverne & Shirley/Fonz Hour,27,1982-1983,ABC,6.2,1982,1983,Mork & Mindy/Laverne & Shirley/Fonz Hour
1019,Mortal Kombat: Defenders of the Realm,13,1996,USA Network,5.8,1996,NA,Mortal Kombat: Defenders of the Realm
1020,The Most Popular Girls in School,82,2012-2017,YouTube,8.8,2012,2017,The Most Popular Girls in School
1021,Mother Goose and Grimm,26,1991-1992,CBS,8.2,1991,1992,Mother Goose and Grimm
1022,Motorcity,20,2012-2013,Disney XD,7.2,2012,2013,Motorcity
1023,The Mouse and the Monster,13,1996-1997,UPN,6.5,1996,1997,The Mouse and the Monster
1024,The Mouse Factory,43,1972-1973,Syndication,8.4,1972,1973,The Mouse Factory
1025,The Moxy Show,24,1993-1995,Cartoon Network,7,1993,1995,The Moxy Show
1026,Mr. Bogus,43,1991-1993,Syndication,7.4,1991,1993,Mr. Bogus
1027,The Mr. Peabody & Sherman Show,52,2015-2017,Netflix,8.2,2015,2017,The Mr. Peabody & Sherman Show
1028,Mr. Pickles,32,2014-2019,Adult Swim,7.3,2014,2019,Mr. Pickles
1029,¡Mucha Lucha!,52,2002-2005,Kids' WB,5.8,2002,2005,ï¿½Mucha Lucha!
1030,Mulligan,10,2023-present,Netflix,4.9,2023,NA,Mulligan
1031,The Mumbly Cartoon Show,16,1976-1977,ABC,6.9,1976,1977,The Mumbly Cartoon Show
1032,The Mummy,26,2001-2003,Kids' WB,6.2,2001,2003,The Mummy
1033,Muppet Babies (1984),107,1984-1991,CBS,7.5,1984,1991,Muppet Babies
1034,Muppet Babies (2018),71,2018-2022,Disney Junior,6.6,2018,2022,Muppet Babies
1035,Mutant League,40,1994-1996,Syndication,7.5,1994,1996,Mutant League
1036,My Adventures with Superman,6,2023-present,Adult Swim,7.7,2023,NA,My Adventures with Superman
1037,My Dad the Bounty Hunter,10,2023-present,Netflix,7.2,2023,NA,My Dad the Bounty Hunter
1038,My Friends Tigger & Pooh,63,2007-2010,Playhouse Disney,5.4,2007,2010,My Friends Tigger & Pooh
1039,My Gym Partner's a Monkey,100,2005-2008,Cartoon Network,5.8,2005,2008,My Gym Partner's a Monkey
1040,My Little Pony,65,1986-1987,Syndication,7.7,1986,1987,My Little Pony
1041,My Little Pony Tales,26,1992,The Disney Channel,6.4,1992,NA,My Little Pony Tales
1042,M.A.S.K.,75,1985-1986,Syndication,7.3,1985,1986,M.A.S.K.
1043,Mack & Moxy,12,2016,PBS Kids,7.7,2016,NA,Mack & Moxy
1044,Madeline,59,1993-2001,Fox FamilyABCDisney Channel,6.7,1993,2001,Madeline
1045,The Magic School Bus,52,1994-1997,PTV,7.8,1994,1997,The Magic School Bus
1046,The Magic School Bus Rides Again,30,2017-2021,Netflix,6.4,2017,2021,The Magic School Bus Rides Again
1047,Make Way for Noddy,100,2002-2006,PBS Kids,5.7,2002,2006,Make Way for Noddy
1048,Mama Mirabelle's Home Movies,26,2007-2008,PBS Kids,7.1,2007,2008,Mama Mirabelle's Home Movies
1049,The Many Adventures of Mr. Millman,20,2006,PBS Kids Sprout,6.2,2006,NA,The Many Adventures of Mr. Millman
1050,Martha Speaks,96,2008-2014,PBS Kids,6.6,2008,2014,Martha Speaks
1051,Marvel Super Hero Adventures,40,2017-2020,Disney Junior,5.7,2017,2020,Marvel Super Hero Adventures
1052,Max Steel (2000),35,2000-2002,Kids' WB,6.1,2000,2002,Max Steel
1053,Max Steel (2013),52,2013-2014,Disney XD,6.6,2013,2014,Max Steel
1054,Maya and the Three,9,2021,Netflix,8.1,2021,NA,Maya and the Three
1055,Mecha Builders,26,2022-present,Cartoonito,7.8,2022,NA,Mecha Builders
1056,Mega Babies,26,1999-2000,Fox Family,2.6,1999,2000,Mega Babies
1057,Mega Man,27,1994-1996,Syndication,6.6,1994,1996,Mega Man
1058,Mega Man: Fully Charged,52,2018-2019,Cartoon Network,4.1,2018,2019,Mega Man: Fully Charged
1059,Midnight Patrol: Adventures in the Dream Zone,13,1990,Syndication,8,1990,NA,Midnight Patrol: Adventures in the Dream Zone
1060,The Mighty B!,40,2008-2011,Nickelodeon,5.3,2008,2011,The Mighty B!
1061,The Mighty Hercules,128,1963-1966,Syndication,6.6,1963,1966,The Mighty Hercules
1062,Mighty Orbots,13,1984,ABC,7.5,1984,NA,Mighty Orbots
1063,"Mike, Lu & Og",26,1999-2000,Cartoon Network,6.2,1999,2000,"Mike, Lu & Og"
1064,Molly of Denali,64,2019-present,PBS Kids,8.8,2019,NA,Molly of Denali
1065,Monster Force,13,1994,Syndication,7.3,1994,NA,Monster Force
1066,Monsuno,65,2012-2014,Nicktoons,4.9,2012,2014,Monsuno
1067,Moonbeam City,10,2015,Comedy Central,6.9,2015,NA,Moonbeam City
1068,Mother Up!,13,2013-2014,Hulu,5.4,2013,2014,Mother Up!
1069,Motown Magic,51,2018-2019,Netflix,8.1,2018,2019,Motown Magic
1070,The Mr. Men Show (1997),39,1997-1999,Syndication,7.6,1997,1999,The Mr. Men Show
1071,The Mr. Men Show (2008),52,2008-2009,Cartoon Network,7.1,2008,2009,The Mr. Men Show
1072,Mummies Alive!,42,1997,Syndication,7,1997,NA,Mummies Alive!
1073,My Life as a Teenage Robot,40,2003-2009,Nickelodeon,7,2003,2009,My Life as a Teenage Robot
1074,My Little Pony: Equestria Girls,70,2017-2020,YouTube,5.2,2017,2020,My Little Pony: Equestria Girls
1075,My Little Pony: Equestria Girls - Summertime Shorts,16,2017,Discovery Family,7.9,2017,NA,My Little Pony: Equestria Girls - Summertime Shorts
1076,My Little Pony: Friendship Is Magic,222,2010-2019,The Hub Network / Discovery Family,7.7,2010,2019,My Little Pony: Friendship Is Magic
1077,My Little Pony: Make Your Mark,17,2022-present,Netflix,5.8,2022,NA,My Little Pony: Make Your Mark
1078,My Little Pony: Pony Life,40,2020-2021,Discovery Family,5.1,2020,2021,My Little Pony: Pony Life
1079,My Pet Monster,13,1987,ABC,6.8,1987,NA,My Pet Monster
1080,Mysticons,40,2017-2018,NickelodeonNicktoons,5.3,2017,2018,Mysticons
1081,Nacho Bear,7,2008,Cartoon Network,7.4,2008,NA,Nacho Bear
1082,Napoleon Dynamite,6,2012,Fox,7,2012,NA,Napoleon Dynamite
1083,NASCAR Racers,26,1999-2001,Fox Kids,6.2,1999,2001,NASCAR Racers
1084,Nature Cat,93,2015-2024,PBS Kids,7.3,2015,2024,Nature Cat
1085,Neighbors from Hell,10,2010,TBS,5.8,2010,NA,Neighbors from Hell
1086,Nella the Princess Knight,68,2017-2021,Nickelodeon,5,2017,2021,Nella the Princess Knight
1087,Neo Yokio,20,2017-2019,Netflix,6,2017,2019,Neo Yokio
1088,The New 3 Stooges,156,1965-1966,Syndication,7,1965,1966,The New 3 Stooges
1089,The New Adventures of Batman,16,1977,CBS,8.4,1977,NA,The New Adventures of Batman
1090,The New Adventures of Beany and Cecil,13,1988,ABC,6.6,1988,NA,The New Adventures of Beany and Cecil
1091,The New Adventures of Flash Gordon,32,1979-1982,NBC,6.9,1979,1982,The New Adventures of Flash Gordon
1092,The New Adventures of Gilligan,24,1974-1975,ABC,6.5,1974,1975,The New Adventures of Gilligan
1093,The New Adventures of He-Man,65,1990,Syndication,5.3,1990,NA,The New Adventures of He-Man
1094,The New Adventures of Huckleberry Finn,20,1968-1969,NBC,7.3,1968,1969,The New Adventures of Huckleberry Finn
1095,The New Adventures of Jonny Quest,13,1986-1987,Syndication,7.2,1986,1987,The New Adventures of Jonny Quest
1096,The New Adventures of the Lone Ranger,28,1980-1982,CBS,7.3,1980,1982,The New Adventures of the Lone Ranger
1097,The New Adventures of Mighty Mouse and Heckle & Jeckle,96,1979-1980,CBS,6.6,1979,1980,The New Adventures of Mighty Mouse and Heckle & Jeckle
1098,The New Adventures of Pinocchio,130,1961,Syndication,5,1961,NA,The New Adventures of Pinocchio
1099,The New Adventures of Speed Racer,13,1993,Syndication,6.2,1993,NA,The New Adventures of Speed Racer
1100,The New Adventures of Superman,68,1966-1970,CBS,7.1,1966,1970,The New Adventures of Superman
1101,The New Adventures of Winnie the Pooh,50,1988-1991,The Disney Channel,7.5,1988,1991,The New Adventures of Winnie the Pooh
1102,The New Adventures of Zorro (1981),13,1981,CBS,7,1981,NA,The New Adventures of Zorro
1103,The New Adventures of Zorro (1997),26,1997-1998,Syndication,6.5,1997,1998,The New Adventures of Zorro
1104,The New Archie and Sabrina Hour,13,1977,NBC,7.3,1977,NA,The New Archie and Sabrina Hour
1105,The New Archies,13,1987,NBC,6.1,1987,NA,The New Archies
1106,The New Batman Adventures,24,1997-1998,Kids' WB,8.4,1997,1998,The New Batman Adventures
1108,The New Casper Cartoon Show,26,1963-1964,ABC,6.7,1963,1964,The New Casper Cartoon Show
1109,The New Fantastic Four,13,1978,NBC,5.9,1978,NA,The New Fantastic Four
1110,The New Fred and Barney Show,17,1979,NBC,7.1,1979,NA,The New Fred and Barney Show
1111,New Kids on the Block,15,1990,ABC,4.4,1990,NA,New Kids on the Block
1112,New Looney Tunes,156,2015-2020,Cartoon NetworkBoomerang,5.8,2015,2020,New Looney Tunes
1113,The New Scooby-Doo Movies,24,1972-1973,CBS,7.6,1972,1973,The New Scooby-Doo Movies
1114,The New Scooby Doo Mysteries,26,1983-1984,ABC,7.2,1983,1984,The New Scooby Doo Mysteries
1115,The New Shmoo,16,1979-1980,NBC,6.9,1979,1980,The New Shmoo
1116,The New Woody Woodpecker Show,157,1999-2003,Fox Kids,6.5,1999,2003,The New Woody Woodpecker Show
1117,The New Yogi Bear Show,45,1988,Syndication,6.5,1988,NA,The New Yogi Bear Show
1118,NFL Rush Zone,60,2010-2014,Nicktoons,6.3,2010,2014,NFL Rush Zone
1119,"Ni Hao, Kai-Lan",42,2008-2011,Nickelodeon,5.3,2008,2011,"Ni Hao, Kai-Lan"
1120,Nicktoons Film Festival,114,2004-2009,Nicktoons Network,8.9,2004,2009,Nicktoons Film Festival
1121,Nightmare Ned,25,1997,ABC,7.1,1997,NA,Nightmare Ned
1122,Niko and the Sword of Light,40,2017-2019,Amazon Prime Video,7.6,2017,2019,Niko and the Sword of Light
1123,Nina Needs to Go!,20,2014-2015,Disney Junior,3.7,2014,2015,Nina Needs to Go!
1124,Nina's Little Fables,24,2010-2013,PBS Kids Sprout,7.8,2010,2013,Nina's Little Fables
1125,Nina's World,52,2015-2018,Sprout / Universal Kids,6.5,2015,2018,Nina's World
1126,Noddy,65,1998-1999,PBS Kids,5.6,1998,1999,Noddy
1127,"Noddy, Toyland Detective",104,2016-2020,Sprout / Universal Kids,5.9,2016,2020,"Noddy, Toyland Detective"
1128,Nomad of Nowhere,12,2018,Rooster Teeth,7.4,2018,NA,Nomad of Nowhere
1129,Norman Picklestripes,23,2019-2021,Universal Kids,7.4,2019,2021,Norman Picklestripes
1130,The Notekins,36,2008,BabyFirstTV,4.2,2008,NA,The Notekins
1131,Not Quite Narwhal,27,2023-present,Netflix,7.2,2023,NA,Not Quite Narwhal
1132,The Nutshack,16,2007-2009,Myx,2.2,2007,2009,The Nutshack
1133,The Nutty Squirrels Present,145,1960,Syndication,5.8,1960,NA,The Nutty Squirrels Present
1134,O'Grady,19,2004-2006,The N,8.4,2004,2006,O'Grady
1135,The Oblongs,13,2001-2002,The WB,7.1,2001,2002,The Oblongs
1136,Oddballs,20,2022-2023,Netflix,6.3,2022,2023,Oddballs
1137,The Oddball Couple,16,1975,ABC,7,1975,NA,The Oddball Couple
1138,Off to See the Wizard,26,1967-1968,ABC,7,1967,1968,Off to See the Wizard
1139,Off the Air,46,2011-present,Adult Swim,8.5,2011,NA,Off the Air
1140,Office Ladies: The Animated Series,10,2021,Comedy Central,9.1,2021,NA,Office Ladies: The Animated Series
1141,The Off-Beats,14,1996-1998,Nickelodeon,7.6,1996,1998,The Off-Beats
1142,Oh Yeah! Cartoons,102,1998-2001,Nickelodeon,7.4,1998,2001,Oh Yeah! Cartoons
1143,Ookii's World,15,2014,BabyFirstTV,4.2,2014,NA,Ookii's World
1144,Olivia,40,2009-2015,Nick Jr.,5.8,2009,2015,Olivia
1145,OK K.O.! Let's Be Heroes,112,2017-2019,Cartoon Network,6.8,2017,2019,OK K.O.! Let's Be Heroes
1146,Olaf Presents,5,2021,Disney+,7.3,2021,NA,Olaf Presents
1147,The Ollie & Moon Show,52,2017-present,Universal Kids,8.6,2017,NA,The Ollie & Moon Show
1148,Ollie & Scoops,10,2019-present,YouTube,7.1,2019,NA,Ollie & Scoops
1149,Oni: Thunder God's Tale,9,2022,Netflix,8.1,2022,NA,Oni: Thunder God's Tale
1150,Open Season: Call of Nature,52,2023-present,Disney Channel,9,2023,NA,Open Season: Call of Nature
1151,The Osmonds,17,1972,ABC,6.1,1972,NA,The Osmonds
1152,Oswald,52,2001-2003,Nickelodeon,7.6,2001,2003,Oswald
1153,Our Cartoon President,46,2018-2020,Showtime,5.5,2018,2020,Our Cartoon President
1154,Out of Jimmy's Head,20,2007-2008,Cartoon Network,2.3,2007,2008,Out of Jimmy's Head
1155,Out There,10,2013,IFC,6.5,2013,NA,Out There
1156,Outer Space Astronauts,5,2009,Syfy,4.7,2009,NA,Outer Space Astronauts
1157,Over the Garden Wall,10,2014,Cartoon Network,8.8,2014,NA,Over the Garden Wall
1158,The Owl House,43,2020-2023,Disney Channel,8.5,2020,2023,The Owl House
1159,Ozzy & Drix,26,2002-2004,Kids' WB,6.9,2002,2004,Ozzy & Drix
1160,The Oz Kids,9,1996-1997,Direct-to-video,7.8,1996,1997,The Oz Kids
1161,Pac-Man,42,1982-1983,ABC,6,1982,1983,Pac-Man
1163,Pandamonium,13,1982,CBS,6.3,1982,NA,Pandamonium
1164,Pantheon,8,2022,AMC+,8.3,2022,NA,Pantheon
1165,Paradise PD,40,2018-2022,Netflix,6.8,2018,2022,Paradise PD
1166,Paranormal Action Squad,8,2016,YouTube Premium,5.7,2016,NA,Paranormal Action Squad
1167,Partridge Family 2200 A.D.,16,1974,CBS,5.5,1974,NA,Partridge Family 2200 A.D.
1168,Party Legends,14,2016-2017,Viceland,7.1,2016,2017,Party Legends
1169,The Patrick Star Show,45,2021-present,Nickelodeon,3.5,2021,NA,The Patrick Star Show
1170,Paw Paws,21,1985-1986,Syndication,6.8,1985,1986,Paw Paws
1171,PB&J Otter,65,1998-2000,Playhouse Disney,6.9,1998,2000,PB&J Otter
1172,The Pebbles and Bamm-Bamm Show,16,1971-1972,CBS,5.6,1971,1972,The Pebbles and Bamm-Bamm Show
1173,Penn Zero: Part-Time Hero,35,2014-2017,Disney XD,7,2014,2017,Penn Zero: Part-Time Hero
1174,Pepper Ann,113,1997-2000,ABC,7.1,1997,2000,Pepper Ann
1175,Perfect Hair Forever,9,"2004-2007, 2014",Adult Swim,6.7,2004,2007,Perfect Hair Forever
1176,The Perils of Penelope Pitstop,17,1969-1970,CBS,6.4,1969,1970,The Perils of Penelope Pitstop
1177,El Perro y El Gato,6,2004-2012,HBO Family,8.6,2004,2012,El Perro y El Gato
1178,Pet Alien,52,2005,"Cartoon Network (Season 1)
kabillion (season 2)",4.8,2005,NA,Pet Alien
1179,Pete the Cat,39,2018-2022,Amazon Prime Video,7.8,2018,2022,Pete the Cat
1180,The Peter Potamus Show,27,1964-1966,ABC,6.1,1964,1966,The Peter Potamus Show
1181,Phantom Investigators,13,2002,Kids' WB,7.7,2002,NA,Phantom Investigators
1182,Phineas and Ferb,222,2007-present,The Disney Channel,8.1,2007,NA,Phineas and Ferb
1183,Phred on Your Head Show,31,1999-2001,Noggin,8.2,1999,2001,Phred on Your Head Show
1184,Pickle and Peanut,42,2015-2018,Disney XD,4.4,2015,2018,Pickle and Peanut
1185,The Pink Panther,121,1993-1995,Syndication,7.6,1993,1995,The Pink Panther
1186,Pink Panther and Pals,78,2010,Cartoon Network,6.7,2010,NA,Pink Panther and Pals
1187,Pink Panther and Sons,52,1984-1986,NBC,5.5,1984,1986,Pink Panther and Sons
1188,The Pink Panther Show,190,1969-1980,NBCABC,7.6,1969,1980,The Pink Panther Show
1189,Pinky and the Brain,65,1995-1998,Kids' WB,7.8,1995,1998,Pinky and the Brain
1190,"Pinky, Elmyra & the Brain",13,1998-1999,Kids' WB,5.8,1998,1999,"Pinky, Elmyra & the Brain"
1191,The Pirates of Dark Water,21,1991-1993,ABC,8.3,1991,1993,The Pirates of Dark Water
1192,Pixie and Dixie and Mr. Jinks,57,1958-1961,Syndication,6.8,1958,1961,Pixie and Dixie and Mr. Jinks
1193,Pixies,30,2007,BabyFirstTV,4.4,2007,NA,Pixies
1194,The Plastic Man Comedy/Adventure Show,112,1979-1981,ABC,6.4,1979,1981,The Plastic Man Comedy/Adventure Show
1195,Playboy's Dark Justice,20,2000-2001,Playboy TV,3.4,2000,2001,Playboy's Dark Justice
1196,Playdate with Winnie the Pooh,2,2023-present,Disney Junior,5.4,2023,NA,Playdate with Winnie the Pooh
1197,The Plucky Duck Show,13,1992,Fox Kids,6.5,1992,NA,The Plucky Duck Show
1198,The Pole,6,2021,Syfy,5.4,2021,NA,The Pole
1199,Pole Position,13,1984,CBS,6.6,1984,NA,Pole Position
1200,Poochini,26,2000-2002,Syndication,6.2,2000,2002,Poochini
1201,Popeye and Son,26,1987,CBS,5.6,1987,NA,Popeye and Son
1202,The Popeye Show,45,2001-2003,Cartoon Network,7.6,2001,2003,The Popeye Show
1203,Popeye the Sailor,220,1960-1963,Syndication,7.1,1960,1963,Popeye the Sailor
1204,Popples (1986),44,1986-1987,Syndication,6.2,1986,1987,Popples
1205,Popzilla,12,2009,MTV,2.6,2009,NA,Popzilla
1206,The Porky Pig Show,26,1964-1967,ABC,7.1,1964,1967,The Porky Pig Show
1207,Posse Impossible,13,1977,NBC,7,1977,NA,Posse Impossible
1208,Potato Head Kids,23,1986-1987,Syndication,6.3,1986,1987,Potato Head Kids
1209,Pound Puppies (1986),36,1986-1987,ABC,6.4,1986,1987,Pound Puppies
1210,The Power Team,27,1990-1991,Syndication,6.4,1990,1991,The Power Team
1211,Powerbirds,20,2020,Universal Kids,7.8,2020,NA,Powerbirds
1212,The Powerpuff Girls (1998),78,1998-2005,Cartoon Network,7.3,1998,2005,The Powerpuff Girls
1213,The Powerpuff Girls (2016),119,2016-2019,Cartoon Network,3.6,2016,2019,The Powerpuff Girls
1214,Praise Petey,10,2023,Freeform,6.1,2023,NA,Praise Petey
1215,Precious Pupp,26,1965-1967,NBC,6.3,1965,1967,Precious Pupp
1216,Pretzel and the Puppies,18,2022-present,Apple TV+,7.7,2022,NA,Pretzel and the Puppies
1217,Primal,20,2019-present,Adult Swim,4.9,2019,NA,Primal
1218,Princess Gwenevere and the Jewel Riders,26,1995-1996,Syndication,7.4,1995,1996,Princess Gwenevere and the Jewel Riders
1219,The Problem Solverz,26,2011-2013,Cartoon Network,2,2011,2013,The Problem Solverz
1220,Project G.e.e.K.e.R.,13,1996,CBS,7.8,1996,NA,Project G.e.e.K.e.R.
1221,ProStars,13,1991,NBC,5.7,1991,NA,ProStars
1222,The Proud Family,52,2001-2005,Disney Channel,6.5,2001,2005,The Proud Family
1223,The Proud Family: Louder and Prouder,20,2022-present,Disney+,3.1,2022,NA,The Proud Family: Louder and Prouder
1224,Punkin' Puss & Mushmouse,23,1964-1966,Syndication,6.9,1964,1966,Punkin' Puss & Mushmouse
1225,A Pup Named Scooby-Doo,27,1988-1991,ABC,6.7,1988,1991,A Pup Named Scooby-Doo
1226,Puppy Dog Pals,117,2017-present,Disney Junior,6.8,2017,NA,Puppy Dog Pals
1227,The Puppy's Further Adventures,21,1982-1984,ABC,7.7,1982,1984,The Puppy's Further Adventures
1228,Pupstruction,18,2023-present,Disney Junior,7,2023,NA,Pupstruction
1229,P. King Duckling,78,2016-2017,Disney Junior,6.1,2016,2017,P. King Duckling
1230,Pac-Man and the Ghostly Adventures,52,2013-2015,Disney XD,4.6,2013,2015,Pac-Man and the Ghostly Adventures
1231,Packages from Planet X,26,2013-2014,Disney XD,7.2,2013,2014,Packages from Planet X
1232,Paddington Bear,13,1989-1990,Syndication,8.4,1989,1990,Paddington Bear
1233,Peanuts,37,2016,Boomerang,7.1,2016,NA,Peanuts
1234,Peep and the Big Wide World,60,2004-2011,Discovery Kids,7.8,2004,2011,Peep and the Big Wide World
1235,Peg + Cat,63,2013-2018,PBS Kids,7.9,2013,2018,Peg + Cat
1236,The Penguins of Madagascar,149,2008-2015,Nickelodeon,7.5,2008,2015,The Penguins of Madagascar
1237,Phantom 2040,35,1994-1996,Syndication,7.2,1994,1996,Phantom 2040
1238,Pig Goat Banana Cricket,40,2015-2018,Nickelodeon,3.3,2015,2018,Pig Goat Banana Cricket
1239,Piggsburg Pigs!,13,1990,Fox Children's Network,6.7,1990,NA,Piggsburg Pigs!
1240,Pigs Next Door,13,2000,Fox Family,7.4,2000,NA,Pigs Next Door
1241,Pinecone & Pony,16,2022-present,Apple TV+,6.6,2022,NA,Pinecone & Pony
1242,Pinkalicious & Peterrific,69,2018-present,PBS Kids,5.1,2018,NA,Pinkalicious & Peterrific
1243,Pinky Dinky Doo,52,2006-2011,Noggin,6.2,2006,2011,Pinky Dinky Doo
1244,Pinky Malinky,60,2019,Netflix,5.8,2019,NA,Pinky Malinky
1245,Planet Sheen,26,2010-2013,Nickelodeon,2.9,2010,2013,Planet Sheen
1246,Police Academy,65,1988-1990,Syndication,4.6,1988,1990,Police Academy
1247,Polly Pocket,91,2018-present,Universal KidsNetflix,6.1,2018,NA,Polly Pocket
1248,Popples (2015),26,2015-2016,Netflix,6.1,2015,2016,Popples
1249,Postcards from Buster,55,2004-2012,PBS Kids Go!,5.8,2004,2012,Postcards from Buster
1250,Pound Puppies (2010),65,2010-2013,The Hub,6.2,2010,2013,Pound Puppies
1251,Power Players,78,2019-2020,Cartoon Network,5.9,2019,2020,Power Players
1252,Princess Power,14,2023-present,Netflix,6.2,2023,NA,Princess Power
1253,Problem Child,26,1993-1994,USA Network,3.6,1993,1994,Problem Child
1254,Q-Force,10,2021,Netflix,6.7,2021,NA,Q-Force
1255,Q. T. Hush,100,1960-1961,Syndication,7.1,1960,1961,Q. T. Hush
1256,Quack Pack,39,1996,Syndication,6.7,1996,NA,Quack Pack
1257,Queer Duck,20,2000-2002,Showtime,6.2,2000,2002,Queer Duck
1258,The Quick Draw McGraw Show,45,1959-1961,Syndication,6.7,1959,1961,The Quick Draw McGraw Show
1259,Raggs,65,2008-2009,PBS Kids,7.1,2008,2009,Raggs
1260,Rainbow Brite (1984),13,1984-1986,Syndication,6.8,1984,1986,Rainbow Brite
1261,Rainbow Brite (2014),3,2014,Feeln,5,2014,NA,Rainbow Brite
1262,Rainbow Butterfly Unicorn Kitty,26,2019,NickelodeonNicktoons,5,2019,NA,Rainbow Butterfly Unicorn Kitty
1263,Rainbow Horse,60,2006,BabyFirstTV,6,2006,NA,Rainbow Horse
1264,Rainbow Rangers,52,2018-2021,Nick Jr. Channel,4.1,2018,2021,Rainbow Rangers
1265,Rambo: The Force of Freedom,65,1986,Syndication,6.3,1986,NA,Rambo: The Force of Freedom
1266,Randy Cunningham: 9th Grade Ninja,50,2012-2015,Disney XD,6.7,2012,2015,Randy Cunningham: 9th Grade Ninja
1267,Rapunzel's Tangled Adventure,60,2017-2020,Disney Channel,7.7,2017,2020,Rapunzel's Tangled Adventure
1268,Random! Cartoons,13,2008-2009,Nicktoons Network,7.1,2008,2009,Random! Cartoons
1269,Raw Toonage,12,1992,CBS,7.5,1992,NA,Raw Toonage
1270,Ready Jet Go!,66,2016-2019,PBS Kids,6.4,2016,2019,Ready Jet Go!
1271,The Real Adventures of Jonny Quest,52,1996-1997,Cartoon Network,7.7,1996,1997,The Real Adventures of Jonny Quest
1272,Recess,127,1997-2001,ABC,7.8,1997,2001,Recess
1273,Red Planet,3,1994,Fox Kids,7,1994,NA,Red Planet
1274,Regular Show,261,2010-2017,Cartoon Network,8.5,2010,2017,Regular Show
1275,The Reluctant Dragon & Mr. Toad Show,17,1970,ABC,6.4,1970,NA,The Reluctant Dragon & Mr. Toad Show
1276,The Replacements,52,2006-2009,Disney Channel,5.9,2006,2009,The Replacements
1277,The Ren & Stimpy Show,93,1991-1996,Nickelodeon,7.5,1991,1996,The Ren & Stimpy Show
1278,"Ren & Stimpy ""Adult Party Cartoon""",3,2003,Spike,5.4,2003,NA,"Ren & Stimpy ""Adult Party Cartoon"""
1279,Return to the Planet of the Apes,13,1975,NBC,6.4,1975,NA,Return to the Planet of the Apes
1280,Rhyme Time Town,21,2020-2021,Netflix,7.9,2020,2021,Rhyme Time Town
1281,Ribert and Robert's Wonderworld,78,2005-2008,PBS Kids,7.9,2005,2008,Ribert and Robert's Wonderworld
1282,Richie Rich (1980),41,1980-1984,ABC,6,1980,1984,Richie Rich
1283,Richie Rich (1996),13,1996,Syndication,5.7,1996,NA,Richie Rich
1284,The Richie Rich/Scooby-Doo Show,21,1980-1981,ABC,6.3,1980,1981,The Richie Rich/Scooby-Doo Show
1285,Rick and Morty,61,2013-present,Adult Swim,9.1,2013,NA,Rick and Morty
1286,Rick & Steve: The Happiest Gay Couple in All the World,14,2007-2009,Logo TV,7.2,2007,2009,Rick & Steve: The Happiest Gay Couple in All the World
1287,Rickety Rocket,16,1979-1980,ABC,7.8,1979,1980,Rickety Rocket
1288,The Ricky Gervais Show,39,2010-2012,HBO,8.4,2010,2012,The Ricky Gervais Show
1289,Ricochet Rabbit & Droop-a-Long,23,1964-1966,Syndication,6.6,1964,1966,Ricochet Rabbit & Droop-a-Long
1290,Ridley Jones,35,2021-2023,Netflix,2.2,2021,2023,Ridley Jones
1291,Right Now Kapow,26,2016-2017,Disney XD,6.2,2016,2017,Right Now Kapow
1292,Ring Raiders,5,1989,Syndication,6.3,1989,NA,Ring Raiders
1293,The Ripping Friends,13,2001-2002,Fox Kids,6.3,2001,2002,The Ripping Friends
1294,Rise of the Teenage Mutant Ninja Turtles,39,2018-2020,Nickelodeon,5.8,2018,2020,Rise of the Teenage Mutant Ninja Turtles
1295,"Rise Up, Sing Out",8,2022-present,Disney Junior,4.3,2022,NA,"Rise Up, Sing Out"
1296,The Road Runner Show,26,1966-1972,CBS,7.9,1966,1972,The Road Runner Show
1297,RoboCop,12,1988,Syndication,6,1988,NA,RoboCop
1298,RoboCop: Alpha Commando,40,1998-1999,Syndication,5,1998,1999,RoboCop: Alpha Commando
1299,The Robonic Stooges,16,1977-1978,CBS,6.5,1977,1978,The Robonic Stooges
1300,Robot and Monster,26,2012-2015,Nickelodeon,5.8,2012,2015,Robot and Monster
1301,Robot Chicken,220,2005-2022,Adult Swim,7.7,2005,2022,Robot Chicken
1302,RoboGobo,1,2024-present,Disney Junior,4.2,2024,NA,RoboGobo
1303,Robotix,15,1985,Syndication,6.5,1985,NA,Robotix
1304,Robotomy,10,2010-2011,Cartoon Network,6.5,2010,2011,Robotomy
1305,"Rock, Paper, Scissors",18,2024-present,Nickelodeon,6.2,2024,NA,"Rock, Paper, Scissors"
1306,Rocket & Groot,12,2017,Disney XD,6.6,2017,NA,Rocket & Groot
1307,Rocket Power,71,1999-2004,Nickelodeon,6.8,1999,2004,Rocket Power
1308,The Rocketeer,42,2019-2020,Disney Junior,5.3,2019,2020,The Rocketeer
1309,Rocko's Modern Life,52,1993-1996,Nickelodeon,7.9,1993,1996,Rocko's Modern Life
1310,Rod Rocket,65,1963,Syndication,4.6,1963,NA,Rod Rocket
1311,Roger Ramjet,156,1965-1969,NBC,6.7,1965,1969,Roger Ramjet
1312,The Roman Holidays,13,1972,CBS,6.6,1972,NA,The Roman Holidays
1313,"Roswell Conspiracies: Aliens, Myths and Legends",40,1999-2000,Syndication,7.5,1999,2000,"Roswell Conspiracies: Aliens, Myths and Legends"
1314,Rosie's Rules,40,2022-present,PBS Kids,7.7,2022,NA,Rosie's Rules
1315,Roughnecks: Starship Troopers Chronicles,40,1999-2000,Syndication,7.4,1999,2000,Roughnecks: Starship Troopers Chronicles
1316,Royal Crackers,10,2023-present,Adult Swim,5.9,2023,NA,Royal Crackers
1317,"Rubik, the Amazing Cube",12,1983,ABC,4.7,1983,NA,"Rubik, the Amazing Cube"
1318,Rude Dog and the Dweebs,13,1989,CBS,6.4,1989,NA,Rude Dog and the Dweebs
1319,The Ruff and Reddy Show,156,1957-1960,NBC,6.7,1957,1960,The Ruff and Reddy Show
1320,The Ruff Ruffman Show,20,2017,PBS Kids,7.6,2017,NA,The Ruff Ruffman Show
1321,Rugrats (1991),172,1991-2004,Nickelodeon,7.4,1991,2004,Rugrats
1322,Rugrats (2021),37,2021-present,Nickelodeon,4.3,2021,NA,Rugrats
1323,Rugrats: Pre-School Daze,4,2008,Nickelodeon,3.1,2008,NA,Rugrats: Pre-School Daze
1324,RWBY,116,2013-present,Rooster Teeth,7.7,2013,NA,RWBY
1325,RWBY Chibi,64,2016-2021,YouTube,7.5,2016,2021,RWBY Chibi
1326,Saban's Adventures of Oliver Twist,52,1996-1997,Syndication,6.7,1996,1997,Saban's Adventures of Oliver Twist
1327,Sabrina the Teenage Witch,31,1970-1974,CBS,6.7,1970,1974,Sabrina the Teenage Witch
1328,Sabrina: The Animated Series,65,1999,ABC/UPN,5.9,1999,NA,Sabrina: The Animated Series
1329,Salty's Lighthouse,40,1997-1998,TLC,6.2,1997,1998,Salty's Lighthouse
1330,Sammy,4,2000,NBC,6.2,2000,NA,Sammy
1331,Samson & Goliath,20,1967-1968,NBC,6.6,1967,1968,Samson & Goliath
1332,Samurai Jack,62,2001-2017,Cartoon Network (2001-04)Adult Swim (2017),8.5,2001,2017,Samurai Jack
1333,Sanjay and Craig,60,2013-2016,Nickelodeon,4.6,2013,2016,Sanjay and Craig
1334,Santo Bugito,13,1995-1996,CBS,6.9,1995,1996,Santo Bugito
1335,Saturday Supercade,26,1983-1984,CBS,6.7,1983,1984,Saturday Supercade
1336,Scary Scooby Funnies,20,1984-1985,ABC,7.5,1984,1985,Scary Scooby Funnies
1337,Scavengers Reign,9,2023-present,Max,8.7,2023,NA,Scavengers Reign
1338,Schoolhouse Rock!,65,1973-2009,ABC,8.2,1973,2009,Schoolhouse Rock!
1339,Science Court,29,1997-2000,ABC,8.3,1997,2000,Science Court
1340,The Scooby & Scrappy-Doo/Puppy Hour,13,1982,ABC,6.6,1982,NA,The Scooby & Scrappy-Doo/Puppy Hour
1341,The Scooby-Doo/Dynomutt Hour,16,1976,ABC,7.6,1976,NA,The Scooby-Doo/Dynomutt Hour
1342,Scooby-Doo and Guess Who?,52,2019-2021,Boomerang,7.4,2019,2021,Scooby-Doo and Guess Who?
1343,The Scooby-Doo Show,40,1976-1978,ABC,8.2,1976,1978,The Scooby-Doo Show
1344,Scooby-Doo and Scrappy-Doo (1979),16,1979-1980,ABC,6.3,1979,1980,Scooby-Doo and Scrappy-Doo
1345,Scooby-Doo and Scrappy-Doo (1980),33,1980-1982,ABC,6.3,1980,1982,Scooby-Doo and Scrappy-Doo
1346,"Scooby-Doo, Where Are You!",41,1969-1978,CBSABC,7.9,1969,1978,"Scooby-Doo, Where Are You!"
1347,Scooby-Doo! Mystery Incorporated,52,2010-2013,Cartoon Network,8.1,2010,2013,Scooby-Doo! Mystery Incorporated
1348,Scooby's All-Star Laff-A-Lympics,24,1977-1978,ABC,7.3,1977,1978,Scooby's All-Star Laff-A-Lympics
1349,Scooby's Mystery Funhouse,21,1985-1986,ABC,7.6,1985,1986,Scooby's Mystery Funhouse
1350,Scott Pilgrim Takes Off,8,2023,Netflix,7.7,2023,NA,Scott Pilgrim Takes Off
1351,Sealab 2020,13,1972,NBC,6.1,1972,NA,Sealab 2020
1352,The Secret Files of the Spy Dogs,22,1998-1999,Fox Kids,7.1,1998,1999,The Secret Files of the Spy Dogs
1353,The Secret Lives of Waldo Kitty,13,1975,NBC,6.5,1975,NA,The Secret Lives of Waldo Kitty
1354,Secret Mountain Fort Awesome,26,2011-2012,Cartoon Network,3.2,2011,2012,Secret Mountain Fort Awesome
1355,The Secret Saturdays,36,2008-2009,Cartoon Network,7,2008,2009,The Secret Saturdays
1356,Secret Squirrel,26,1965-1966,NBC,6.6,1965,1966,Secret Squirrel
1357,Sectaurs,5,1985,Syndication,7.5,1985,NA,Sectaurs
1358,Seis Manos,8,2019,Netflix,7.1,2019,NA,Seis Manos
1359,Seth MacFarlane's Cavalcade of Cartoon Comedy,50,2008-2009,YouTube,6.4,2008,2009,Seth MacFarlane's Cavalcade of Cartoon Comedy
1360,Shaggy & Scooby-Doo Get a Clue!,26,2006-2008,Kids' WB,4.5,2006,2008,Shaggy & Scooby-Doo Get a Clue!
1361,"Shake, Rattle and Roll",13,1977,NBC,8.3,1977,NA,"Shake, Rattle and Roll"
1362,Shazzan,18,1967-1968,CBS,6.4,1967,1968,Shazzan
1363,Sheep in the Big City,26,2000-2002,Cartoon Network,6.9,2000,2002,Sheep in the Big City
1364,Shelley Duvall's Bedtime Stories,13,1992-1993,Showtime,7.4,1992,1993,Shelley Duvall's Bedtime Stories
1365,She-Ra and the Princesses of Power,52,2018-2020,Netflix,8.1,2018,2020,She-Ra and the Princesses of Power
1366,She-Ra: Princess of Power,93,1985-1987,Syndication,6.8,1985,1987,She-Ra: Princess of Power
1367,Shirt Tales,46,1982-1983,NBC,6.8,1982,1983,Shirt Tales
1368,The Shnookums & Meat Funny Cartoon Show,13,1995,Syndication,5.5,1995,NA,The Shnookums & Meat Funny Cartoon Show
1369,Siegfried & Roy: Masters of the Impossible,4,1996,Fox Kids,6.3,1996,NA,Siegfried & Roy: Masters of the Impossible
1370,SilverHawks,65,1986,Syndication,7.3,1986,NA,SilverHawks
1371,The Simpsons,753,1989-present,Fox,8.7,1989,NA,The Simpsons
1372,Sinbad Jr. and his Magic Belt,102,1965,Syndication,6.5,1965,NA,Sinbad Jr. and his Magic Belt
1373,"Sit Down, Shut Up",13,2009,Fox,5.9,2009,NA,"Sit Down, Shut Up"
1374,The Skatebirds,16,1977-1978,CBS,6.2,1977,1978,The Skatebirds
1375,Skeleton Warriors,13,1994,CBS,7,1994,NA,Skeleton Warriors
1376,Skull Island,8,2023-present,Netflix,6.6,2023,NA,Skull Island
1377,Sky Commanders,13,1985-1987,Syndication,7.1,1985,1987,Sky Commanders
1378,Skyhawks,17,1969-1971,ABC,8.6,1969,1971,Skyhawks
1379,Slacker Cats,12,2007-2009,ABC Family,6.7,2007,2009,Slacker Cats
1380,The Smurfs,258,1981-1989,NBC,7.1,1981,1989,The Smurfs
1381,Snooper and Blabber,45,1959-1961,Syndication,6.4,1959,1961,Snooper and Blabber
1382,Snorks,65,1984-1989,NBC,6.4,1984,1989,Snorks
1383,Space Cats,13,1991-1992,NBC,7,1991,1992,Space Cats
1384,Space Ghost,20,1966-1967,CBS,7.2,1966,1967,Space Ghost
1385,The Space Kidettes,20,1966-1967,NBC,6.9,1966,1967,The Space Kidettes
1386,Space Sentinels,13,1977,NBC,6.9,1977,NA,Space Sentinels
1387,Space Sentinels,13,1977,NBC,6.9,1977,NA,Space Sentinels
1388,Space Stars,11,1981-1982,NBC,7.3,1981,1982,Space Stars
1389,The Spectacular Spider-Man,26,2008-2009,The CW4KidsDisney XD,8.4,2008,2009,The Spectacular Spider-Man
1390,Speed Buggy,16,1973,CBS,6.6,1973,NA,Speed Buggy
1391,Spicy City,6,1997,HBO,6.6,1997,NA,Spicy City
1392,Spider-Man (1981),26,1981-1982,Syndication,6.9,1981,1982,Spider-Man
1393,Spider-Man (1994),65,1994-1997,Fox Kids,8.4,1994,1997,Spider-Man
1394,Spider-Man (2017),58,2017-2020,Disney XD,6.2,2017,2020,Spider-Man
1395,Spider-Man and His Amazing Friends,26,1981-1983,NBC,7.1,1981,1983,Spider-Man and His Amazing Friends
1396,Spider-Man Unlimited,13,1999-2001,Fox Kids,6.3,1999,2001,Spider-Man Unlimited
1397,Spider-Woman,16,1979-1980,ABC,5.8,1979,1980,Spider-Woman
1398,Spiral Zone,65,1981-1982,Syndication,7.4,1981,1982,Spiral Zone
1399,SpongeBob SquarePants,296,1999-present,Nickelodeon,8.2,1999,NA,SpongeBob SquarePants
1400,The Spooktacular New Adventures of Casper,52,1996-1998,Fox Kids,5.8,1996,1998,The Spooktacular New Adventures of Casper
1401,Sport Billy,26,1980-1981,NBC,7,1980,1981,Sport Billy
1402,Spy Groove,16,2000,MTV,8.3,2000,NA,Spy Groove
1403,Squiddly Diddly,26,1965-1966,NBC,6.1,1965,1966,Squiddly Diddly
1404,Squirrel Boy,26,2006-2007,Cartoon Network,5.2,2006,2007,Squirrel Boy
1405,Stanley,65,2001-2004,Playhouse Disney,6.5,2001,2004,Stanley
1406,Star Trek: The Animated Series,22,1973-1974,NBC,7.2,1973,1974,Star Trek: The Animated Series
1407,Star vs. the Forces of Evil,77,2015-2019,Disney XD (seasons 1-3)Disney Channel (season 4),7.9,2015,2019,Star vs. the Forces of Evil
1408,Star Wars: Clone Wars,25,2003-2005,Cartoon Network,8.4,2003,2005,Star Wars: Clone Wars
1409,Starcom: The U.S. Space Force,13,1987,Syndication,7.1,1987,NA,Starcom: The U.S. Space Force
1410,Static Shock,52,2000-2004,Kids' WB,7.3,2000,2004,Static Shock
1411,Station Zero,20,1999,MTV,6.6,1999,NA,Station Zero
1412,Strange Planet,5,2023-present,Apple TV+,6.4,2023,NA,Strange Planet
1413,Steven Universe,160,2013-2019,Cartoon Network,8.2,2013,2019,Steven Universe
1414,Steven Universe Future,20,2019-2020,Cartoon Network,7.7,2019,2020,Steven Universe Future
1415,Strawberry Shortcake,22,2003-2008,Syndication,5.4,2003,2008,Strawberry Shortcake
1416,Street Sharks,40,1994-1997,Syndication,6.2,1994,1997,Street Sharks
1417,Stretch Armstrong and the Flex Fighters,23,2017-2018,Netflix,6.2,2017,2018,Stretch Armstrong and the Flex Fighters
1418,Stripperella,13,2003-2004,Spike,5.6,2003,2004,Stripperella
1419,Stuart Little: The Animated Series,13,2003,HBO Family,4.5,2003,NA,Stuart Little: The Animated Series
1420,The Super 6,20,1966-1967,NBC,7.2,1966,1967,The Super 6
1421,Super Friends (1973),16,1973,ABC,7.2,1973,NA,Super Friends
1422,Super Friends (1980),22,1980-1983,ABC,7.2,1980,1983,Super Friends
1423,Super Friends: The Legendary Super Powers Show,8,1984-1985,ABC,7.2,1984,1985,Super Friends: The Legendary Super Powers Show
1424,The Super Hero Squad Show,52,2009-2011,Cartoon Network,6.1,2009,2011,The Super Hero Squad Show
1425,The Super Mario Bros. Super Show!,65,1989,Syndication,6.3,1989,NA,The Super Mario Bros. Super Show!
1426,The Super Powers Team: Galactic Guardians,8,1985,ABC,7.2,1985,NA,The Super Powers Team: Galactic Guardians
1427,Super President,30,1967-1968,NBC,6.6,1967,1968,Super President
1428,Super Robot Monkey Team Hyperforce Go!,52,2004-2006,Jetix[4]Toon DisneyABC Family,6.4,2004,2006,Super Robot Monkey Team Hyperforce Go!
1429,Super Turbo Story Time,8,2023-present,Motor Trend,6.2,2023,NA,Super Turbo Story Time
1430,Superman,26,1988,CBS,7,1988,NA,Superman
1431,The Superman/Aquaman Hour of Adventure,36,1967-1968,CBS,7.4,1967,1968,The Superman/Aquaman Hour of Adventure
1433,Superman: The Animated Series,54,1995-2000,Kids' WB,8.1,1995,2000,Superman: The Animated Series
1434,Swamp Thing,5,1990-1991,Fox Kids,7.4,1990,1991,Swamp Thing
1435,SWAT Kats: The Radical Squadron,25,1993-1995,TBS,8.4,1993,1995,SWAT Kats: The Radical Squadron
1436,Sylvanian Families,13,1987,Syndication,7.9,1987,NA,Sylvanian Families
1437,The Sylvester and Tweety Mysteries,52,1995-2002,Fox Kids,7,1995,2002,The Sylvester and Tweety Mysteries
1438,Sym-Bionic Titan,20,2010-2011,Cartoon Network,8.1,2010,2011,Sym-Bionic Titan
1439,Santa Inc.,8,2021,HBO Max,1.7,2021,NA,Santa Inc.
1440,Santiago of the Seas,52,2020-present,Nickelodeon,6.7,2020,NA,Santiago of the Seas
1441,Saturday Morning All Star Hits!,8,2021,Netflix,7.5,2021,NA,Saturday Morning All Star Hits!
1442,SciGirls,46,2010-2023,PBS Kids Go! (2010-2013)PBS Kids (2013-2023),8,2010,2023,SciGirls
1443,Sealab 2021,52,2001-2005,Adult Swim,7.8,2001,2005,Sealab 2021
1444,The Second Best Hospital in the Galaxy,8,2024,Amazon Prime Video,6.2,2024,NA,The Second Best Hospital in the Galaxy
1445,Secret Adventures,7,1993-1995,Direct-to-video,8,1993,1995,Secret Adventures
1446,Sesame Street,4633,1969-present,PBSPBS KidsHBO,8.1,1969,NA,Sesame Street
1447,Shane's Kindergarten Countdown,5,2005,Playhouse Disney,6.2,2005,NA,Shane's Kindergarten Countdown
1448,Shanna's Show,16,2004,Playhouse Disney,8.1,2004,NA,Shanna's Show
1449,Shape Island,8,2023-present,Apple TV+,7.6,2023,NA,Shape Island
1450,Sheriff Callie's Wild West,90,2013-2017,Disney Junior,6.2,2013,2017,Sheriff Callie's Wild West
1451,Shimmer and Shine,86,2015-2020,Nickelodeon,5.2,2015,2020,Shimmer and Shine
1452,The Shivering Truth,12,2018-2020,Adult Swim,8.1,2018,2020,The Shivering Truth
1453,Shorts in a Bunch,13,2007,Nicktoons Network,6.4,2007,NA,Shorts in a Bunch
1454,Shorties Watchin' Shorties,13,2004,Comedy Central,6.5,2004,NA,Shorties Watchin' Shorties
1455,Shorty McShorts' Shorts,13,2006,Disney Channel,3.8,2006,NA,Shorty McShorts' Shorts
1456,Sid the Science Kid,67,2008-2013,PBS Kids,5.5,2008,2013,Sid the Science Kid
1457,Sing Me a Story with Belle,26,1995-1997,Syndication,7.3,1995,1997,Sing Me a Story with Belle
1458,Skylanders Academy,38,2016-2018,Netflix,6.6,2016,2018,Skylanders Academy
1459,Slangman's World,13,2008-2009,American Forces NetworkGPB,4.2,2008,2009,Slangman's World
1460,Slippin' Jimmy,6,2022,AMC+,2.7,2022,NA,Slippin' Jimmy
1461,Sofia the First,109,2013-2018,Disney Junior,6.9,2013,2018,Sofia the First
1462,Son of Zorn,13,2016-2017,Fox,6.8,2016,2017,Son of Zorn
1463,Soul Quest Overdrive,4,2011,Adult Swim,5.8,2011,NA,Soul Quest Overdrive
1464,South Park,325,1997-present,Comedy Central,8.7,1997,NA,South Park
1465,Space Angel,260,1962-1964,Syndication,6.4,1962,1964,Space Angel
1466,Space Ghost Coast to Coast,109,1994-2008,Cartoon Network (1994-2001)Adult Swim (2001-2004),7.9,1994,2008,Space Ghost Coast to Coast
1467,Space Racers,90,2014-2018,PBS Kids (season 1)Sprout / Universal Kids (season 2),7.5,2014,2018,Space Racers
1468,Spaceballs: The Animated Series,13,2008-2009,G4,4.2,2008,2009,Spaceballs: The Animated Series
1469,Special Agent Oso,60,2009-2012,Playhouse Disney (2009-11)Disney Junior (2011-12),5.2,2009,2012,Special Agent Oso
1470,Spirit Rangers,20,2022-present,Netflix,6.7,2022,NA,Spirit Rangers
1471,Spirit Riding Free,52,2017-2020,Netflix,6.5,2017,2020,Spirit Riding Free
1472,Splash and Bubbles,40,2016-2018,PBS Kids,5.5,2016,2018,Splash and Bubbles
1473,Squidbillies,132,2005-2021,Adult Swim,6.7,2005,2021,Squidbillies
1474,Star Trek: Lower Decks,30,2020-present,Paramount+,7.7,2020,NA,Star Trek: Lower Decks
1475,Star Trek: Prodigy,20,2021-present,Paramount+,7.5,2021,NA,Star Trek: Prodigy
1476,Star Wars: The Bad Batch,32,2021-present,Disney+,7.8,2021,NA,Star Wars: The Bad Batch
1477,Star Wars Forces of Destiny,32,2017-2018,YouTube,5.4,2017,2018,Star Wars Forces of Destiny
1478,Star Wars: The Clone Wars,133,2008-2020,Cartoon NetworkNetflixDisney+,8.4,2008,2020,Star Wars: The Clone Wars
1479,Star Wars: Visions,18,2021-present,Disney+,7,2021,NA,Star Wars: Visions
1480,Star Wars: Young Jedi Adventures,7,2023-present,Disney+,5.8,2023,NA,Star Wars: Young Jedi Adventures
1481,Stone Quackers,12,2014-2015,FXX,6.7,2014,2015,Stone Quackers
1482,StoryBots: Answer Time,22,2022-present,Netflix,7.4,2022,NA,StoryBots: Answer Time
1483,StoryBots Super Songs,10,2016-2017,Netflix,8.8,2016,2017,StoryBots Super Songs
1484,Strawberry Shortcake's Berry Bitty Adventures,65,2010-2015,The Hub / Discovery Family,6,2010,2015,Strawberry Shortcake's Berry Bitty Adventures
1485,Stroker & Hoop,13,2004-2005,Adult Swim,7.3,2004,2005,Stroker & Hoop
1486,Subway Surfers: The Animated Series,11,2018,YouTube,7.1,2018,NA,Subway Surfers: The Animated Series
1487,Sugar and Toys,16,2019-2020,Fuse,7.8,2019,2020,Sugar and Toys
1488,The Summoner,6,2021,Syfy,6.2,2021,NA,The Summoner
1489,Sunday Pants,5,2005,Cartoon Network,5.6,2005,NA,Sunday Pants
1490,Super Giant Robot Brothers,10,2022,Netflix,6.7,2022,NA,Super Giant Robot Brothers
1491,Super Science Friends,7,2015-2020,YouTube,7.8,2015,2020,Super Science Friends
1492,Superbook,82,2011-2021,CBN,6.8,2011,2021,Superbook
1493,Superjail!,36,2008-2014,Adult Swim,7.7,2008,2014,Superjail!
1494,SuperNews!,67,2005-2010,Current TV,7.3,2005,2010,SuperNews!
1495,Saber Rider and the Star Sheriffs,52,1987-1988,Syndication,8.4,1987,1988,Saber Rider and the Star Sheriffs
1496,Sabrina: Secrets of a Teenage Witch,26,2013-2014,Hub Network,5,2013,2014,Sabrina: Secrets of a Teenage Witch
1497,Sabrina's Secret Life,26,2003-2004,Syndication,6.3,2003,2004,Sabrina's Secret Life
1498,"Sagwa, the Chinese Siamese Cat",39,2001-2002,PBS Kids,7.2,2001,2002,"Sagwa, the Chinese Siamese Cat"
1499,Samurai Pizza Cats,52,1990-1991,Syndication,7.2,1990,1991,Samurai Pizza Cats
1500,Samurai Rabbit: The Usagi Chronicles,20,2022,Netflix,6.4,2022,NA,Samurai Rabbit: The Usagi Chronicles
1501,The Savage Dragon,26,1995-1996,USA Network,6.3,1995,1996,The Savage Dragon
1502,Saving Me,20,2022-2023,BYUtv,8.9,2022,2023,Saving Me
1503,Secret Millionaires Club,26,2011-2017,The Hub Network,7.6,2011,2017,Secret Millionaires Club
1504,Sharkdog,22,2021-present,Netflix,6,2021,NA,Sharkdog
1505,Shelldon,26,2009-2011,qubo,6.3,2009,2011,Shelldon
1506,Sherlock Holmes in the 22nd Century,26,1999-2001,Fox KidsSyndication,7.1,1999,2001,Sherlock Holmes in the 22nd Century
1507,Sherwood,26,2012-2013,YouTube Premium,5.9,2012,2013,Sherwood
1508,SheZow,26,2012-2013,Hub Network,5.6,2012,2013,SheZow
1509,Silver Surfer,13,1998,Fox Kids,7.1,1998,NA,Silver Surfer
1510,Sitting Ducks,26,2001-2003,Cartoon Network,7,2001,2003,Sitting Ducks
1511,Sky Dancers,27,1996,France 2,6.4,1996,NA,Sky Dancers
1512,Skysurfer Strike Force,26,1995-1996,Syndication,7.6,1995,1996,Skysurfer Strike Force
1513,Small Potatoes,27,2011,Disney Junior,7,2011,NA,Small Potatoes
1514,Smiling Friends,9,2020-present,Adult Swim,8.5,2020,NA,Smiling Friends
1515,The Smokey Bear Show,17,1969-1970,ABC,8,1969,1970,The Smokey Bear Show
1516,The Snoopy Show,38,2021-2023,Apple TV+,8.1,2021,2023,The Snoopy Show
1517,Snoopy in Space,24,2019-2021,Apple TV+,7.6,2019,2021,Snoopy in Space
1518,Sniz & Fondue,23,1996-1998,Nickelodeon,8.2,1996,1998,Sniz & Fondue
1519,Sonic Boom,52,2014-2017,Cartoon NetworkBoomerang,6.8,2014,2017,Sonic Boom
1520,Sonic Prime,16,2022-present,Netflix,7.3,2022,NA,Sonic Prime
1521,Sonic the Hedgehog,26,1993-1994,ABC,6.8,1993,1994,Sonic the Hedgehog
1522,Sonic Underground,40,1999,Syndication,6.1,1999,NA,Sonic Underground
1523,Space Strikers,13,1995,UPN,7.1,1995,NA,Space Strikers
1524,Speed Racer: The Next Generation,52,2008-2013,Nicktoons,4.1,2008,2013,Speed Racer: The Next Generation
1525,Spider-Man (1967),52,1967-1970,ABC,7.3,1967,1970,Spider-Man
1526,Spider-Man: The New Animated Series,13,2003,MTV,6.9,2003,NA,Spider-Man: The New Animated Series
1527,Spidey and His Amazing Friends,52,2021-present,Disney Junior,5.8,2021,NA,Spidey and His Amazing Friends
1528,Spy Kids: Mission Critical,20,2018,Netflix,4.9,2018,NA,Spy Kids: Mission Critical
1529,Star Wars: Droids,13,1985-1986,ABC,5.9,1985,1986,Star Wars: Droids
1530,Stargate Infinity,26,2002-2003,FoxBox,3.5,2002,2003,Stargate Infinity
1531,Starveillance,6,2007,E!,6.8,2007,NA,Starveillance
1532,The Stinky & Dirty Show,39,2015-2019,Amazon Prime Video,7.4,2015,2019,The Stinky & Dirty Show
1533,Stressed Eric,13,1998-2000,NBC,7.4,1998,2000,Stressed Eric
1534,Stunt Dawgs,40,1992-1993,Syndication,7.8,1992,1993,Stunt Dawgs
1535,Sunny Day,60,2017-2020,Nickelodeon,5.6,2017,2020,Sunny Day
1536,Super Crooks,13,2021,Netflix,7.1,2021,NA,Super Crooks
1537,Super Dave: Daredevil for Hire,13,1992-1993,Fox Kids,6.7,1992,1993,Super Dave: Daredevil for Hire
1538,Super Dinosaur,26,2018-2019,Amazon Prime Video,8.7,2018,2019,Super Dinosaur
1539,Super Duper Sumos,26,2002-2003,Nickelodeon,3.7,2002,2003,Super Duper Sumos
1540,Super Mario World,13,1991,NBC,6.6,1991,NA,Super Mario World
1541,Super Monsters,38,2017-2021,Netflix,6.2,2017,2021,Super Monsters
1542,Super Why!,103,2007-2016,PBS Kids,6.1,2007,2016,Super Why!
1543,Super Wings,264,2014-present,Universal Kids,6,2014,NA,Super Wings
1544,SuperKitties,22,2023-present,Disney Junior,6.2,2023,NA,SuperKitties
1545,Supernatural Academy,16,2022,Peacock,7.1,2022,NA,Supernatural Academy
1546,T.O.T.S.,75,2019-2022,Disney Junior,6.7,2019,2022,T.O.T.S.
1547,Tak and the Power of Juju,26,2007-2009,Nickelodeon,3.4,2007,2009,Tak and the Power of Juju
1548,Take Two with Phineas and Ferb,20,2010-2011,Disney Channel,6.2,2010,2011,Take Two with Phineas and Ferb
1549,The Talented Mr. Bixby,5,2008,Cartoon Network,8.3,2008,NA,The Talented Mr. Bixby
1550,Tales of the Jedi,6,2022-present,Disney+,8.2,2022,NA,Tales of the Jedi
1551,Tales of the Wizard of Oz,110,1961,Syndication,6.8,1961,NA,Tales of the Wizard of Oz
1552,TaleSpin,65,1990-1991,The Disney Channel,7.5,1990,1991,TaleSpin
1553,Talking Friends,10,2012,Disney.com,8.3,2012,NA,Talking Friends
1554,Tarantula,10,2017,TBS,6.8,2017,NA,Tarantula
1555,Tarzan and the Super 7,33,1978-1980,CBS,8.1,1978,1980,Tarzan and the Super 7
1556,"Tarzan, Lord of the Jungle",33,1978-1980,CBS,7.6,1978,1980,"Tarzan, Lord of the Jungle"
1558,Tasty Time with ZeFronk,21,2008-2010,Playhouse Disney,7.2,2008,2010,Tasty Time with ZeFronk
1559,Taz-Mania,65,1991-1995,Fox Kids,6.7,1991,1995,Taz-Mania
1560,Team Umizoomi,78,2010-2015,Nick Jr. Channel,6.1,2010,2015,Team Umizoomi
1561,Teamo Supremo,39,2002-2004,Toon Disney,4,2002,2004,Teamo Supremo
1562,Teacher's Pet,47,2000-2002,ABCToon Disney,5.7,2000,2002,Teacher's Pet
1563,Telecomics,165,1949-1952,NBC,6.9,1949,1952,Telecomics
1564,Teen Titans,65,2003-2006,Cartoon Network,7.9,2003,2006,Teen Titans
1565,Teen Titans Go!,387,2013-present,Cartoon Network,5.5,2013,NA,Teen Titans Go!
1566,Teenage Mutant Ninja Turtles (1987),193,1987-1996,SyndicationCBS,7.9,1987,1996,Teenage Mutant Ninja Turtles
1567,Teenage Mutant Ninja Turtles (2012),124,2012-2017,Nickelodeon,7.9,2012,2017,Teenage Mutant Ninja Turtles
1568,Ten Year Old Tom,20,2021-2023,HBO Max / Max,8.2,2021,2023,Ten Year Old Tom
1569,Tender Touches,15,2017-2020,Adult Swim,6.3,2017,2020,Tender Touches
1570,Tennessee Tuxedo and His Tales,70,1963-1966,CBS,7.6,1963,1966,Tennessee Tuxedo and His Tales
1571,The Tex Avery Show,99,1996-2002,Cartoon Network,6.8,1996,2002,The Tex Avery Show
1572,These Are the Days,16,1974-1975,ABC,7.4,1974,1975,These Are the Days
1573,"This Is America, Charlie Brown",8,1988-1989,CBS,7.4,1988,1989,"This Is America, Charlie Brown"
1574,This Just In!,4,2004,Spike,6.7,2004,NA,This Just In!
1575,Thomas Edison's Secret Lab,24,2015-2016,PBS Kids,6.8,2015,2016,Thomas Edison's Secret Lab
1576,Thundarr the Barbarian,21,1980-1981,ABC,7.5,1980,1981,Thundarr the Barbarian
1577,ThunderCats (1985),130,1985-1989,Syndication,7.9,1985,1989,ThunderCats
1578,ThunderCats Roar,26,2020,Cartoon Network,2.2,2020,NA,ThunderCats Roar
1579,The Tick,36,1994-1996,Fox Kids,7.4,1994,1996,The Tick
1580,Tig n' Seek,80,2020-2022,MaxCartoon Network,6.7,2020,2022,Tig n' Seek
1581,TigerSharks,20,1987,Syndication,6.8,1987,NA,TigerSharks
1582,Tigtone,20,2019-2022,Adult Swim,7.1,2019,2022,Tigtone
1583,Time Squad,26,2001-2003,Cartoon Network,7.5,2001,2003,Time Squad
1584,Timon & Pumbaa,85,1995-1999,CBS,7,1995,1999,Timon & Pumbaa
1585,The Tiny Chef Show,26,2022-present,Nickelodeon,6.7,2022,NA,The Tiny Chef Show
1586,Tiny Toon Adventures,98,1990-1995,SyndicationFox Kids,7.5,1990,1995,Tiny Toon Adventures
1587,Tiny Toons Looniversity,10,2023-present,Max,6.5,2023,NA,Tiny Toons Looniversity
1588,Titan Maximum,9,2009,Adult Swim,7,2009,NA,Titan Maximum
1589,The Tom and Jerry Comedy Show,45,1980,CBS,7.6,1980,NA,The Tom and Jerry Comedy Show
1590,Tom and Jerry in New York,13,2021,HBO Max,5.3,2021,NA,Tom and Jerry in New York
1591,Tom & Jerry Kids,65,1990-1993,Fox Kids Network,6.2,1990,1993,Tom & Jerry Kids
1592,The Tom and Jerry Show (1975),16,1975,ABC,7.8,1975,NA,The Tom and Jerry Show
1593,The Tom and Jerry Show (2014),117,2014-2021,Cartoon NetworkBoomerang,7.1,2014,2021,The Tom and Jerry Show
1594,Tom and Jerry Special Shorts,2,2021,HBO Max,8.6,2021,NA,Tom and Jerry Special Shorts
1595,Tom and Jerry Tales,26,2006-2008,Kids' WB,7.4,2006,2008,Tom and Jerry Tales
1596,Tom Goes to the Mayor,30,2004-2006,Adult Swim,6.7,2004,2006,Tom Goes to the Mayor
1597,Tom Terrific,26,1957-1959,CBS,7.7,1957,1959,Tom Terrific
1598,The Tomfoolery Show,4,1970-1971,NBC,7.8,1970,1971,The Tomfoolery Show
1599,Too Cool! Cartoons,11,2013-2014,YouTube,6.6,2013,2014,Too Cool! Cartoons
1600,Toon In with Me,600,2021-present,MeTV,7.8,2021,NA,Toon In with Me
1601,Tooning Out the News,263,2020-2023,Paramount+,5.5,2020,2023,Tooning Out the News
1602,ToonHeads,102,1992-2003,Cartoon Network,8.4,1992,2003,ToonHeads
1603,Toonsylvania,21,1998-1999,Fox Kids,6.9,1998,1999,Toonsylvania
1604,Tooter Turtle,39,1960-1961,NBC,7.3,1960,1961,Tooter Turtle
1605,Top Cat,30,1961-1962,ABC,7.1,1961,1962,Top Cat
1606,Tortellini Western,13,2004,Nicktoons,7.8,2004,NA,Tortellini Western
1607,Totally Tooned In,65,1999-2000,Syndication,8,1999,2000,Totally Tooned In
1608,Touche Turtle and Dum Dum,52,1962-1963,Syndication,6.4,1962,1963,Touche Turtle and Dum Dum
1609,Toxic Crusaders,13,1991,Syndication,6.5,1991,NA,Toxic Crusaders
1610,Toy Story Toons,3,2011-2012,Disney Channel,7,2011,2012,Toy Story Toons
1611,Toy Story Treats,54,1996,ABC,7.1,1996,NA,Toy Story Treats
1612,The Transformers,98,1984-1987,Syndication,8,1984,1987,The Transformers
1613,Transformers: Animated,42,2007-2009,Cartoon Network,6.7,2007,2009,Transformers: Animated
1614,Transformers: Prime,65,2010-2013,The Hub,8,2010,2013,Transformers: Prime
1615,Transformers: Robots in Disguise,71,2015-2017,Cartoon Network,5.9,2015,2017,Transformers: Robots in Disguise
1616,Transformers: Titans Return,10,2017-2018,go90,5.8,2017,2018,Transformers: Titans Return
1617,Trash Truck,28,2020-2021,Netflix,8.7,2020,2021,Trash Truck
1618,TripTank,28,2015-2016,Comedy Central,6.5,2015,2016,TripTank
1619,Trivia Quest,30,2022,Netflix,5.8,2022,NA,Trivia Quest
1620,Trollhunters: Tales of Arcadia,52,2016-2018,Netflix,8.4,2016,2018,Trollhunters: Tales of Arcadia
1621,Trollkins,13,1981-1982,CBS,7.5,1981,1982,Trollkins
1622,Trolls: The Beat Goes On!,52,2018-2019,Netflix,6,2018,2019,Trolls: The Beat Goes On!
1623,Trollz,27,2005,Syndication,5.1,2005,NA,Trollz
1624,Tron: Uprising,19,2012-2013,Disney XD,8.2,2012,2013,Tron: Uprising
1625,Tuca & Bertie,30,2019-2022,NetflixAdult Swim,7.4,2019,2022,Tuca & Bertie
1626,Tumble Leaf,51,2014-2019,Amazon Prime Video,8.7,2014,2019,Tumble Leaf
1627,Turbo Fast,52,2013-2016,Netflix,6.4,2013,2016,Turbo Fast
1628,Turbo Teen,13,1984,ABC,5.5,1984,NA,Turbo Teen
1629,Tutenstein,39,2003-2008,Discovery Kids,7,2003,2008,Tutenstein
1630,TV Funhouse,8,2000-2001,Comedy Central,7.9,2000,2001,TV Funhouse
1631,Twelve Forever,25,2019,Netflix,6.9,2019,NA,Twelve Forever
1632,The Twisted Tales of Felix the Cat,21,1995-1997,CBS,7.4,1995,1997,The Twisted Tales of Felix the Cat
1633,Two More Eggs,90,2015-2017,Disney XD,5.7,2015,2017,Two More Eggs
1634,T.U.F.F. Puppy,60,2010-2015,Nickelodeon,5.7,2010,2015,T.U.F.F. Puppy
1635,A Tale Dark & Grimm,10,2021,Netflix,7.3,2021,NA,A Tale Dark & Grimm
1636,Tales from the Cryptkeeper,39,1993-1999,ABC,7.5,1993,1999,Tales from the Cryptkeeper
1637,Tarzan and Jane,16,2017-2018,Netflix,5.2,2017,2018,Tarzan and Jane
1638,Team Zenko Go,22,2022,Netflix,6.9,2022,NA,Team Zenko Go
1639,Teen Wolf,21,1986-1987,CBS,7.7,1986,1987,Teen Wolf
1640,Teenage Euthanasia,7,2021-present,Adult Swim,5.7,2021,NA,Teenage Euthanasia
1641,Teenage Fairytale Dropouts,26,2014,Hub Network,7.2,2014,NA,Teenage Fairytale Dropouts
1642,Teenage Mutant Ninja Turtles (2003),155,2003-2009,4Kids TV,7.8,2003,2009,Teenage Mutant Ninja Turtles
1643,Three Delivery,26,2008-2009,Nicktoons Network,7.6,2008,2009,Three Delivery
1644,Thomas & Friends: All Engines Go,92,2021-present,Cartoonito,2.5,2021,NA,Thomas & Friends: All Engines Go
1645,ThunderCats (2011),26,2011-2012,Cartoon Network,7.8,2011,2012,ThunderCats
1646,El Tigre: The Adventures of Manny Rivera,26,2007-2008,Nickelodeon,6.3,2007,2008,El Tigre: The Adventures of Manny Rivera
1647,Time Warp Trio,26,2005-2006,Discovery Kids,7.4,2005,2006,Time Warp Trio
1648,Tiny Planets,65,2001-2002,Noggin,7.2,2001,2002,Tiny Planets
1649,ToddWorld,39,2004-2008,Discovery Kids,7.6,2004,2008,ToddWorld
1650,Toot & Puddle,26,2008-2009,Noggin,8,2008,2009,Toot & Puddle
1651,Total DramaRama,153,2018-2023,Cartoon Network,4,2018,2023,Total DramaRama
1652,Transformers: Armada,52,2002-2003,Cartoon Network,7,2002,2003,Transformers: Armada
1653,Transformers: BotBots,10,2022,Netflix,5.8,2022,NA,Transformers: BotBots
1654,Transformers: Combiner Wars,10,2016,go90,5.4,2016,NA,Transformers: Combiner Wars
1655,Transformers: Cyberverse,71,2018-2021,Cartoon Network,6.9,2018,2021,Transformers: Cyberverse
1656,Transformers: EarthSpark,18,2022-present,Paramount+,4,2022,NA,Transformers: EarthSpark
1657,Transformers: Generation 2,52,1993,go90,7.1,1993,NA,Transformers: Generation 2
1658,Transformers: Rescue Bots,104,2012-2016,The Hub Network / Discovery Family,6.6,2012,2016,Transformers: Rescue Bots
1659,Transformers: Rescue Bots Academy,104,2019-2021,Discovery Family,5.4,2019,2021,Transformers: Rescue Bots Academy
1660,Transformers: War for Cybertron Trilogy,18,2020-2021,Netflix,7.2,2020,2021,Transformers: War for Cybertron Trilogy
1661,Treehouse Detectives,20,2018,Netflix,7.9,2018,NA,Treehouse Detectives
1662,Tripping the Rift,39,2004-2007,Sci Fi,6.8,2004,2007,Tripping the Rift
1663,Trolls: TrollsTopia,52,2020-2022,HuluPeacock,6,2020,2022,Trolls: TrollsTopia
1664,True and the Rainbow Kingdom,26,2017-2019,Netflix,7.1,2017,2019,True and the Rainbow Kingdom
1665,Turbo Dogs,26,2008-2011,Qubo,6.8,2008,2011,Turbo Dogs
1666,"Twinkle, the Dream Being",26,1992-1993,Syndication,8,1992,1993,"Twinkle, the Dream Being"
1667,The Twisted Whiskers Show,26,2010,The Hub,7,2010,NA,The Twisted Whiskers Show
1668,The U.S. of Archie,16,1974,CBS,7.8,1974,NA,The U.S. of Archie
1669,Ugly Americans,31,2010-2012,Comedy Central,8,2010,2012,Ugly Americans
1670,Ultimate Spider-Man,104,2012-2017,Disney XD,7.2,2012,2017,Ultimate Spider-Man
1671,Ultra City Smiths,6,2021,AMC,6.6,2021,NA,Ultra City Smiths
1672,Ultraforce,13,1994-1995,USA Network,6.1,1994,1995,Ultraforce
1674,Uncle Grandpa,153,2013-2017,Cartoon Network,4.4,2013,2017,Uncle Grandpa
1675,Undercover Elephant,13,1977,NBC,6.8,1977,NA,Undercover Elephant
1676,Underdog,124,1964-1967,NBC,7.2,1964,1967,Underdog
1677,Undone,16,2019-2021,Amazon Prime Video,8.2,2019,2021,Undone
1678,Undergrads,13,2001,MTV,7.8,2001,NA,Undergrads
1679,Unicorn: Warriors Eternal,9,2023,Adult Swim,7.3,2023,NA,Unicorn: Warriors Eternal
1680,Unikitty!,104,2017-2020,Cartoon Network,5.5,2017,2020,Unikitty!
1681,Unsupervised,13,2012,FX,7.3,2012,NA,Unsupervised
1682,The URL with Phred Show,20,2001-2002,Noggin,7.7,2001,2002,The URL with Phred Show
1683,Valley of the Dinosaurs,16,1974,CBS,6.6,1974,NA,Valley of the Dinosaurs
1684,Valt the Wonder Deer,208,2016-present,Tencent Video,8.7,2016,NA,Valt the Wonder Deer
1685,Vampirina,147,2017-2021,Disney Junior,6.5,2017,2021,Vampirina
1686,Van-Pires,13,1997,Syndication,6.9,1997,NA,Van-Pires
1687,VeggieTales,50,1993-2015,Direct to video,7.3,1993,2015,VeggieTales
1688,VeggieTales in the House,104,2014-2016,Netflix,4.1,2014,2016,VeggieTales in the House
1689,VeggieTales in the City,52,2017,Netflix,4.6,2017,NA,VeggieTales in the City
1690,The VeggieTales Show,26,2019-2022,Trinity Broadcasting Network,7.9,2019,2022,The VeggieTales Show
1691,Velma,10,2023-present,Max,1.6,2023,NA,Velma
1692,VH1 ILL-ustrated,13,2003-2004,VH1,7.1,2003,2004,VH1 ILL-ustrated
1693,Victor and Valentino,119,2019-2022,Cartoon Network,6.2,2019,2022,Victor and Valentino
1694,Video Mods,6,2004-2005,MTV2,6.8,2004,2005,Video Mods
1695,Video Power,83,1990-1992,Syndication,7.3,1990,1992,Video Power
1696,Visionaries: Knights of the Magical Light,13,1987,Syndication,7.7,1987,NA,Visionaries: Knights of the Magical Light
1697,Viva Pinata,104,2006-2009,4Kids TV,5.7,2006,2009,Viva Pinata
1698,Vixen,12,2015-2016,CW Seed,7,2015,2016,Vixen
1699,Vocabularry,32,2008,BabyFirstTV,7,2008,NA,Vocabularry
1700,Voltron,124,1984-1985,Syndication,7.9,1984,1985,Voltron
1701,Voltron Force,26,2011-2012,Nicktoons,6.6,2011,2012,Voltron Force
1702,Voltron: Legendary Defender,78,2016-2018,Netflix,8.1,2016,2018,Voltron: Legendary Defender
1703,Voltron: The Third Dimension,26,1998-2000,Syndication,6.1,1998,2000,Voltron: The Third Dimension
1704,Vor-Tech: Undercover Conversion Squad,13,1996,ABC,6.8,1996,NA,Vor-Tech: Undercover Conversion Squad
1706,W.I.T.C.H.,52,2004-2006,ABC,7.3,2004,2006,W.I.T.C.H.
1707,The Wacky Adventures of Ronald McDonald,6,1998-2000,Direct-to-video,7.3,1998,2000,The Wacky Adventures of Ronald McDonald
1708,Wacky Races (1968),17,1968-1969,CBS,7.5,1968,1969,Wacky Races
1709,Wacky Races (2017),43,2017-2019,Boomerang,5.1,2017,2019,Wacky Races
1710,The Wacky World of Tex Avery,65,1997,Syndication,4.8,1997,NA,The Wacky World of Tex Avery
1711,Wait Till Your Father Gets Home,48,1972-1974,Syndication,7.6,1972,1974,Wait Till Your Father Gets Home
1712,"Wake, Rattle, and Roll",50,1990-1991,Syndication,7.6,1990,1991,"Wake, Rattle, and Roll"
1713,Wally Gator,52,1962-1963,Syndication,6.3,1962,1963,Wally Gator
1714,Wallykazam!,52,2014-2017,Nickelodeon,7.8,2014,2017,Wallykazam!
1715,Walter Melon,52,1997-1998,Fox Family,6.4,1997,1998,Walter Melon
1716,Wander Over Yonder,43,2013-2016,Disney Channel (2013-14)Disney XD (2014-16),7.3,2013,2016,Wander Over Yonder
1717,Watership Down,4,2018,Netflix,7.2,2018,NA,Watership Down
1718,Waynehead,13,1996-1997,Kids' WB,6.4,1996,1997,Waynehead
1719,We Baby Bears,55,2022-present,Cartoon Network,6,2022,NA,We Baby Bears
1720,We Bare Bears,140,2015-2019,Cartoon Network,7.9,2015,2019,We Bare Bears
1721,We the People,10,2021,Netflix,4.2,2021,NA,We the People
1722,The Weekenders,39,2000-2004,ABCUPNToon Disney,8,2000,2004,The Weekenders
1723,Welcome to the Wayne,30,2017-2019,Nickelodeon,6.9,2017,2019,Welcome to the Wayne
1724,Weird-Ohs,13,1999-2000,Fox Family,6.3,1999,2000,Weird-Ohs
1725,Well Versed,12,2023-present,Nickelodeon,5.4,2023,NA,Well Versed
1726,WellieWishers,26,2016-2017,Amazon Prime Video,7.6,2016,2017,WellieWishers
1727,We're Lalaloopsy,13,2017,Netflix,6.9,2017,NA,We're Lalaloopsy
1728,What a Cartoon!,48,1995-1997,Cartoon Network,8.4,1995,1997,What a Cartoon!
1729,What-a-Mess,47,1996,ABC,7.1,1996,NA,What-a-Mess
1730,What If...?,18,2021-present,Disney+,7.4,2021,NA,What If...?
1731,"What's New, Mr. Magoo?",16,1977,CBS,6.9,1977,NA,"What's New, Mr. Magoo?"
1732,"What's New, Scooby-Doo?",42,2002-2006,Kids' WB,7.3,2002,2006,"What's New, Scooby-Doo?"
1733,What's with Andy?,26,2001-2002,Fox Kids,7.6,2001,2002,What's with Andy?
1734,Whatever Happened to... Robot Jones?,14,2002-2003,Cartoon Network,6.4,2002,2003,Whatever Happened to... Robot Jones?
1735,Wheelie and the Chopper Bunch,13,1974,NBC,6.4,1974,NA,Wheelie and the Chopper Bunch
1736,Where My Dogs At?,8,2006,MTV2,6.6,2006,NA,Where My Dogs At?
1737,Where on Earth Is Carmen Sandiego?,65,1994-1999,Fox Kids,7.2,1994,1999,Where on Earth Is Carmen Sandiego?
1738,Where's Huddles?,10,1970,CBS,7.2,1970,NA,Where's Huddles?
1739,Where's My Water?: Swampy's Underground Adventures,12,2012-2013,Disney Channel,7.9,2012,2013,Where's My Water?: Swampy's Underground Adventures
1740,Where's Wally?,13,1991,CBS,7,1991,NA,Where's Wally?
1741,Where's Waldo?,40,2019-2021,Universal Kids,7.8,2019,2021,Where's Waldo?
1742,Whisker Haven,31,2015-2017,Disney Junior,7.7,2015,2017,Whisker Haven
1743,The Why Why Family,26,1996,Fox Kids,7.4,1996,NA,The Why Why Family
1744,Widget,65,1990-1991,USA Network,6.8,1990,1991,Widget
1745,Wild Animal Baby Explorers,52,2010-2012,PBS Kids,3.7,2010,2012,Wild Animal Baby Explorers
1746,Wild C.A.T.s,13,1994-1995,CBS,6.6,1994,1995,Wild C.A.T.s
1747,Wild Grinders,52,2012-2015,Nicktoons,2.1,2012,2015,Wild Grinders
1748,Wild Kratts,158,2011-present,PBS Kids Go! (2011-13)PBS Kids (2013-present),7.7,2011,NA,Wild Kratts
1749,Wild Life,6,2021,Syfy,6,2021,NA,Wild Life
1750,The Wild Thornberrys,91,1998-2004,Nickelodeon,6.6,1998,2004,The Wild Thornberrys
1751,Wild West C.O.W.-Boys of Moo Mesa,26,1992-1993,ABC,7.2,1992,1993,Wild West C.O.W.-Boys of Moo Mesa
1752,Wildfire,13,1986,CBS,7.4,1986,NA,Wildfire
1753,Will the Real Jerry Lewis Please Sit Down,18,1974-1975,ABC,7.7,1974,1975,Will the Real Jerry Lewis Please Sit Down
1754,Wing Commander Academy,13,1996,USA Network,6.8,1996,NA,Wing Commander Academy
1755,Winky Dink and You,65,"1953-1957, 1969-1973",CBSBroadcast syndication,6.8,1953,1957,Winky Dink and You
1756,Winsome Witch,26,1965-1966,NBC,6.6,1965,1966,Winsome Witch
1757,Winx Club (revival series),78,2011-2016,Nickelodeon,6.1,2011,2016,Winx Club (revival series)
1758,Wish Kid,13,1991,NBC,5.8,1991,NA,Wish Kid
1759,Wishenpoof!,39,2014-2019,Amazon Prime Video,4.9,2014,2019,Wishenpoof!
1760,The Wizard of Oz,13,1990,ABC,6.5,1990,NA,The Wizard of Oz
1761,Wizards: Tales of Arcadia,10,2020,Netflix,8,2020,NA,Wizards: Tales of Arcadia
1762,Wolfboy and the Everything Factory,20,2021-2022,Apple TV+,7.6,2021,2022,Wolfboy and the Everything Factory
1763,Wolf Rock TV,7,1984,ABC,6,1984,NA,Wolf Rock TV
1764,Wolverine and the X-Men,26,2009,Nicktoons,8,2009,NA,Wolverine and the X-Men
1765,Wonder Box,57,2006,BabyFirstTV,5.2,2006,NA,Wonder Box
1766,Wonder Pets!,62,2006-2016,Nickelodeon,6.5,2006,2016,Wonder Pets!
1767,Wonder Showzen,16,2005-2006,MTV2,8.4,2005,2006,Wonder Showzen
1768,Wonder Wheels,16,1977-1978,CBS,5.7,1977,1978,Wonder Wheels
1769,The Wonderful Stories of Professor Kitzel,105,1972,Syndication,8.1,1972,NA,The Wonderful Stories of Professor Kitzel
1770,The Wonderful World of Mickey Mouse,25,2020-2023,Disney+,7.9,2020,2023,The Wonderful World of Mickey Mouse
1771,Woody Woodpecker,30,2018-2022,YouTube,5.9,2018,2022,Woody Woodpecker
1772,The Woody Woodpecker Show,113,1957-1977,ABC,7,1957,1977,The Woody Woodpecker Show
1773,WordGirl,130,2007-2015,"PBS Kids Go! (2007-13)
PBS Kids (2013-15)",7.1,2007,2015,WordGirl
1774,The Wordies,63,2007,BabyFirstTV,7,2007,NA,The Wordies
1775,Word Party,60,2016-2021,Netflix,5.6,2016,2021,Word Party
1776,WordWorld,45,2007-2011,PBS Kids,6.8,2007,2011,WordWorld
1777,Work It Out Wombats!,40,2023-present,PBS Kids,8.4,2023,NA,Work It Out Wombats!
1778,World of Quest,26,2008-2009,Kids' WB,7.2,2008,2009,World of Quest
1779,The World's Greatest SuperFriends,8,1979-1980,ABC,7.2,1979,1980,The World's Greatest SuperFriends
1780,Wow! Wow! Wubbzy!,52,2006-2010,Nickelodeon,6.2,2006,2010,Wow! Wow! Wubbzy!
1781,The Wuzzles,13,1985,CBS,7,1985,NA,The Wuzzles
1782,WWE Slam City,26,2014,WWE Network,7,2014,NA,WWE Slam City
1783,The X's,20,2005-2006,Nickelodeon,5.9,2005,2006,The X's
1784,X-Men: The Animated Series,76,1992-1997,Fox Kids Network,8.4,1992,1997,X-Men: The Animated Series
1785,X-Men: Evolution,52,2000-2003,Kids' WB,7.8,2000,2003,X-Men: Evolution
1786,Xavier Riddle and the Secret Museum,37,2019-2022,PBS Kids,7.8,2019,2022,Xavier Riddle and the Secret Museum
1787,Xavier: Renegade Angel,20,2007-2009,Adult Swim,7.9,2007,2009,Xavier: Renegade Angel
1788,Xiaolin Chronicles,26,2013-2015,Disney XD,6.4,2013,2015,Xiaolin Chronicles
1789,Xiaolin Showdown,52,2003-2006,Kids' WB,7.4,2003,2006,Xiaolin Showdown
1790,The Xtacles,2,2008,Adult Swim,7.5,2008,NA,The Xtacles
1791,Xyber 9: New Dawn,22,1999,Fox Kids,7.1,1999,NA,Xyber 9: New Dawn
1792,Yabba Dabba Dinosaurs,26,2021-2022,HBO Max,4.1,2021,2022,Yabba Dabba Dinosaurs
1793,Yin Yang Yo!,65,2006-2009,Jetix (on Toon Disney) (2006-09)Disney XD (2009),6,2006,2009,Yin Yang Yo!
1794,"Yippee, Yappee and Yahooey",23,1964-1967,Syndication,6.6,1964,1967,"Yippee, Yappee and Yahooey"
1795,Yo Gabba Gabba!,66,2007-2015,Nickelodeon,6.9,2007,2015,Yo Gabba Gabba!
1796,Yo Yogi!,13,1991,NBC,5.1,1991,NA,Yo Yogi!
1797,Yogi Bear & Friends,96,1967-1968,Syndication,6.6,1967,1968,Yogi Bear & Friends
1798,The Yogi Bear Show,33,1961-1962,Syndication,6.6,1961,1962,The Yogi Bear Show
1799,Yogi's Gang,15,1973,ABC,6.5,1973,NA,Yogi's Gang
1800,Yogi's Space Race,13,1978,NBC,6.1,1978,NA,Yogi's Space Race
1801,Yogi's Treasure Hunt,27,1985-1988,Syndication,7,1985,1988,Yogi's Treasure Hunt
1802,YOLO,16,2020-present,Adult Swim,7.3,2020,NA,YOLO
1803,You're Not a Monster,10,2019,IMDB,6.2,2019,NA,You're Not a Monster
1804,Young Justice,98,2010-2022,Cartoon NetworkDC UniverseHBO Max,8.6,2010,2022,Young Justice
1805,Young Love,12,2023-present,Max,7.5,2023,NA,Young Love
1806,Young Robin Hood,26,1991-1992,Syndication,7.1,1991,1992,Young Robin Hood
1807,Zafari,52,2018-2019,Peacock,7.5,2018,2019,Zafari
1808,Zak Storm,39,2016-2018,Discovery Family,6.8,2016,2018,Zak Storm
1809,Zazoo U,13,1990,Fox Children's Network,7.7,1990,NA,Zazoo U
1810,The Zeta Project,26,2001-2002,Kids' WB,7,2001,2002,The Zeta Project
1811,Zevo-3,26,2010-2011,Nicktoons,5.8,2010,2011,Zevo-3
1812,The ZhuZhus,26,2016-2017,Disney Channel,5.5,2016,2017,The ZhuZhus
1813,Zoboomafoo,65,1999-2001,PBS Kids,7.6,1999,2001,Zoboomafoo
1815,Zootopia+,6,2022,Disney+,6.8,2022,NA,Zootopia+
1816,The Zula Patrol,52,2005-2008,PBS Kids,6.9,2005,2008,The Zula Patrol
